age;Abies_tree_2;Abies sibirica_tree_2;Agrostis stolonifera_grass_3;Alnus_tree_1;Alnus alnobetula_tree_1;Alopecurus_grass_3;Androsace_herbaceous_out;Arabidopsis_herbaceous_3;Arabidopsis lyrata_herbaceous_3;Arabis alpina_herbaceous_2;Avena_grass_1;Avena sativa_grass_1;Betula_shrub_1;Betula pendula_shrub_1;Betula platyphylla_shrub_1;Bistorta_herbaceous_3;Bistorta officinalis_herbaceous_3;Bistorta vivipara_herbaceous_3;Brassica_herbaceous_2;Brassica napus_herbaceous_2;Brassica oleracea_herbaceous_2;Brassica rapa_herbaceous_2;Bromus_grass_3;Bryum argenteum_moss_3;Caltha_herbaceous_3;Caltha palustris_herbaceous_3;Cardamine_herbaceous_5;Carex_grass_2;Carex myosuroides_grass_2;Carex nigra_grass_2;Carex pallescens_grass_2;Carex rupestris_grass_2;Cassiope_herbaceous_3;Chamaenerion_herbaceous_3;Chamaenerion angustifolium_herbaceous_3;Chrysanthemum_herbaceous_2;Chrysanthemum boreale_herbaceous_2;Cirsium_herbaceous_3;Cuscuta_herbaceous_3;Deschampsia_grass_2;Dianthus_herbaceous_2;Distichium_moss_out;Draba_herbaceous_4;Dryas_herbaceous_3;Dryas grandis_herbaceous_3;Dryas integrifolia x Dryas octopetala_herbaceous_3;Dryas octopetala_herbaceous_3;Dryopteris_fern_2;Dryopteris fragrans_fern_2;Equisetum_herbaceous_2;Equisetum arvense_herbaceous_2;Erigeron_herbaceous_3;Eriophorum_herbaceous_1;Eriophorum angustifolium_herbaceous_1;Eritrichium_herbaceous_3;Festuca_grass_pH tolerant;Fragaria_herbaceous_3;Fragaria vesca_herbaceous_3;Geranium_herbaceous_2;Geum_herbaceous_2;Hedysarum_herbaceous_3;Hedysarum consanguineum_herbaceous_3;Juniperus_shrub_2;Juniperus communis_shrub_2;Larix_tree_1;Larix sibirica_tree_1;Linum_herbaceous_out;Linum usitatissimum_herbaceous_out;Luzula_herbaceous_2;Marchantia polymorpha_moss_2;Medicago_herbaceous_3;Micranthes_herbaceous_3;Micranthes integrifolia_herbaceous_3;Myosotis_herbaceous_3;Myosotis alpestris_herbaceous_3;Oxygraphis glacialis_herbaceous_1;Oxyria_herbaceous_3;Oxyria digyna_herbaceous_3;Papaver_herbaceous_3;Papaver nudicaule_herbaceous_3;Pedicularis_herbaceous_3;Pedicularis oederi_herbaceous_3;Pedicularis verticillata_herbaceous_3;Picea_tree_1;Picea abies_tree_1;Pinus_tree_1;Poa_grass_2;Poa palustris_grass_2;Poa pratensis_grass_2;Polytrichastrum alpinum_moss_unknown;Polytrichum_moss_3;Polytrichum commune_moss_3;Polytrichum juniperinum_moss_3;Populus_shrub_3;Populus alba_shrub_3;Populus nigra_shrub_3;Populus tremula_shrub_3;Potentilla_herbaceous_2;Pyrola_herbaceous_3;Pyrola rotundifolia_herbaceous_3;Rhodiola_herbaceous_2;Ribes_shrub_3;Rumex_herbaceous_unknown;Rumex acetosa_herbaceous_1;Salix_shrub_2;Salix pentandra_shrub_2;Salix rorida_shrub_2;Salix sp._shrub_2;Salix triandra_shrub_2;Salix viminalis_shrub_2;Salix viminalis x Salix schwerinii_shrub_2;Saussurea_herbaceous_3;Saxifraga_herbaceous_4;Saxifraga cernua_herbaceous_4;Saxifraga sinomontana_herbaceous_4;Silene_herbaceous_1;Silene latifolia_herbaceous_1;Smelowskia_herbaceous_out;Spiraea_shrub_2;Taraxacum_herbaceous_2;Thymus_herbaceous_2;Trigonotis peduncularis_herbaceous_out;Triticum_grass_3;Triticum aestivum_grass_3;Turritis glabra_herbaceous_3;Vaccinium_herbaceous_1;Vaccinium uliginosum_herbaceous_1;Vaccinium vitis-idaea_herbaceous_1;Valeriana_herbaceous_2;Valeriana officinalis_herbaceous_2;Veratrum_herbaceous_3;Veronica_herbaceous_3;Woodsia_fern_4
9157;6;0;0;110;75;0;0;9;0;1;0;5;67;205;14;12;0;1;0;0;0;2;0;0;1;4;1;75;0;0;0;0;0;1;504;1;0;0;0;10;0;0;0;49;0;0;9;12;7;55;52;0;0;0;0;0;1;0;7;0;3;0;0;0;94;1018;0;0;0;1;3;0;0;0;0;0;0;0;0;0;5;0;0;306;187;1;0;0;2;0;0;0;0;2423;159;0;1;7;0;0;0;3;0;0;616;21;0;0;0;5;0;0;6;0;0;0;0;0;3;0;0;0;3;4;0;3;0;1;0;0;1;2;0
15125;1;0;0;4;2;0;0;8;1;2;0;0;1;29;1;22;0;1;1;0;1;0;1;0;0;1;0;51;0;0;0;0;0;2;385;0;0;0;0;3;0;0;1;95;0;1;11;0;0;3;1;0;0;0;0;0;1;0;0;1;1;0;0;0;3;4;0;0;1;0;3;0;1;0;0;0;0;0;0;0;3;1;0;3;4;2;0;0;3;0;0;1;0;574;18;0;0;3;0;0;0;0;0;1;431;7;0;0;0;2;2;0;6;0;0;0;0;0;0;0;0;0;2;3;0;1;0;0;1;0;0;0;0
10086;0;0;0;172;102;0;1;14;0;2;2;0;137;407;34;13;0;0;0;0;1;0;0;0;0;3;0;78;0;1;0;0;0;2;623;0;0;1;0;14;0;0;2;45;0;0;4;2;4;52;53;0;0;0;0;0;1;0;8;0;6;0;0;2;178;2124;0;1;0;0;3;0;0;0;0;0;0;2;1;0;2;0;0;18;21;0;0;0;0;0;0;0;0;5457;367;0;9;2;0;8;0;2;0;0;1292;44;0;0;0;17;1;0;7;0;0;0;0;0;24;0;0;0;3;5;0;3;0;3;4;0;0;1;0
16079;0;1;0;15;15;0;0;24;1;7;3;0;11;50;4;85;1;0;5;0;0;0;0;0;1;1;0;131;0;2;0;0;0;6;953;0;2;0;0;12;0;0;2;549;0;1;47;0;1;7;1;0;1;0;0;0;108;2;0;0;16;0;0;0;1;8;0;0;0;0;10;4;0;1;0;0;0;0;3;0;15;1;0;4;4;6;0;0;5;0;1;4;0;2329;63;0;0;512;0;2;0;0;1;1;1426;48;0;0;0;11;2;1;38;0;0;1;1;1;0;1;0;0;11;6;1;3;0;0;2;0;0;0;1
20620;3;0;0;56;32;1;3;64;0;12;6;32;39;160;9;187;2;5;6;1;0;1;0;0;3;3;0;247;0;9;0;0;1;14;4312;1;2;0;3;20;0;0;1;903;1;3;91;5;4;20;11;0;0;0;1;0;3;1;0;7;44;0;0;0;6;26;1;3;1;0;22;4;0;0;1;0;1;1;7;0;52;3;0;3;11;0;0;0;6;2;0;2;2;8980;213;0;1;27;0;5;1;2;5;13;3582;113;0;3;0;45;4;3;136;1;2;1;2;0;0;1;0;1;14;22;0;11;0;0;5;0;0;0;0
21057;1;1;2;18;14;0;1;31;0;13;5;0;25;89;1;89;1;1;3;0;1;0;2;0;0;1;0;111;0;3;0;0;0;6;2201;0;3;0;0;23;0;0;1;411;1;5;53;4;3;7;2;0;0;0;0;1;4;0;0;6;22;0;0;0;2;16;0;0;0;0;8;1;0;0;0;0;0;0;6;0;28;2;0;2;6;2;3;0;5;0;0;3;0;5110;128;1;0;19;0;0;2;0;2;4;1840;76;1;0;0;19;1;2;57;0;2;1;3;0;0;1;0;0;19;11;0;5;0;0;4;0;0;0;0
14667;1;0;0;10;9;0;0;21;0;1;1;4;3;9;0;25;0;0;3;0;2;0;0;0;0;2;0;67;1;0;0;0;0;0;283;0;1;0;0;5;0;1;0;2430;0;0;36;0;0;1;3;1;0;0;1;0;2;0;0;4;9;0;0;0;1;6;0;2;0;0;3;0;0;0;0;1;1;0;2;0;5;0;0;0;0;0;0;0;1;0;0;0;0;550;12;0;0;6;0;0;0;0;0;1;459;5;0;0;0;2;0;0;44;0;0;0;1;0;0;0;1;0;5;2;0;2;0;0;1;0;0;0;0
8491;1;0;0;53;32;0;0;4;0;0;0;0;33;105;11;8;0;0;0;0;1;0;0;0;0;1;0;36;0;0;0;0;0;0;268;2;0;0;2;3;0;0;0;7;0;0;2;0;1;44;19;0;0;0;0;0;0;0;4;0;0;0;1;0;59;934;0;0;0;0;1;0;0;1;0;0;0;0;0;0;0;0;0;212;242;1;0;0;0;0;0;1;0;1219;47;0;1;3;1;3;0;3;0;0;371;15;0;0;0;5;1;0;4;0;0;0;0;0;10;0;0;0;0;0;0;0;0;0;0;0;2;0;0
17948;1;0;0;16;20;1;1;28;0;7;2;23;14;74;5;117;0;0;8;2;1;2;0;0;1;4;0;150;1;3;1;1;0;6;2203;0;1;0;1;14;0;0;1;8884;2;8;300;1;4;9;8;1;0;0;0;0;10;3;0;5;30;0;0;0;4;7;1;0;1;0;11;2;0;0;0;1;2;2;4;0;34;1;0;2;0;0;0;0;8;0;1;0;1;5547;99;0;0;34;0;0;1;0;1;4;2267;76;0;1;1;27;0;1;74;1;4;1;1;0;0;0;1;1;79;35;0;2;1;0;7;1;0;0;0
19590;0;1;0;17;4;0;2;26;0;7;2;20;7;59;3;81;0;1;0;0;0;0;0;0;1;8;0;204;2;7;0;0;0;3;859;0;0;0;1;16;0;0;0;439;0;1;22;3;2;8;8;0;0;0;0;3;3;0;0;3;25;0;0;0;0;9;0;2;1;0;13;2;0;0;0;0;0;0;3;0;12;1;0;0;3;1;1;2;6;0;1;3;0;2771;57;1;0;14;0;3;1;0;1;3;1775;38;2;0;0;17;0;0;45;0;0;1;2;0;0;1;0;1;30;17;0;6;0;0;5;0;0;0;1
19192;1;0;0;12;12;1;1;30;2;8;2;0;19;83;2;91;1;2;4;1;1;0;0;1;2;3;0;257;0;6;0;0;0;6;1267;0;0;0;0;18;0;0;2;450;0;0;34;2;2;14;14;0;0;0;0;2;6;0;0;4;17;0;0;0;3;7;1;1;0;0;14;0;0;1;0;0;0;0;2;0;22;3;1;1;3;0;1;0;4;1;0;1;0;2930;82;0;0;16;0;1;0;0;1;3;1904;30;0;3;0;17;4;3;58;1;0;0;0;0;0;4;0;0;16;12;0;6;0;0;4;0;0;0;0
7569;1;0;0;45;17;0;0;2;0;1;0;0;24;91;4;1;0;0;0;1;0;0;0;0;0;3;0;16;0;0;0;0;0;0;202;0;0;1;0;1;0;0;0;12;0;0;1;0;1;27;18;0;0;0;0;0;1;0;7;0;0;0;0;0;19;253;0;0;0;0;0;0;0;0;0;0;0;0;0;0;0;0;0;133;148;0;0;0;1;0;0;1;0;854;28;0;0;1;0;2;0;2;0;1;315;12;0;0;0;4;0;0;2;0;0;0;0;0;2;0;0;0;1;2;0;3;0;1;0;0;2;0;0
16535;0;0;0;39;17;0;1;43;0;4;3;0;17;84;4;98;0;1;3;0;0;0;0;0;1;8;0;211;0;8;1;0;1;3;1340;0;0;0;0;9;0;0;1;418;0;0;45;4;3;9;13;0;0;1;0;2;6;0;0;8;24;0;0;0;2;13;0;0;1;0;12;1;0;0;0;0;0;0;2;0;27;1;0;5;8;0;0;1;7;0;0;1;0;2649;52;0;1;23;1;5;0;0;4;2;1826;33;0;0;0;16;1;1;55;0;0;0;0;1;0;1;0;0;9;11;0;5;0;0;3;0;0;0;0
21740;1;0;0;31;19;2;5;39;1;7;1;34;18;113;6;118;0;4;3;1;0;0;1;0;0;2;0;272;3;7;2;0;1;7;1873;2;2;0;0;28;1;0;1;493;0;1;47;7;4;21;20;1;0;1;0;0;7;0;0;6;17;0;0;0;1;20;0;2;1;0;6;0;0;1;0;2;0;0;7;0;25;2;0;3;3;0;1;0;7;0;0;4;1;4107;99;1;0;26;0;3;0;0;0;1;2399;62;0;0;1;14;1;1;65;0;0;2;0;0;0;1;0;1;14;12;1;2;0;0;7;0;0;0;0
5149;0;2;0;23;24;0;0;0;0;2;0;1;11;36;4;1;0;0;1;0;0;0;0;0;0;0;0;5;0;0;0;0;0;1;76;0;0;0;0;6;0;0;0;2;0;0;1;0;1;6;4;0;0;0;0;0;0;0;0;0;0;0;2;0;12;142;0;0;0;0;0;2;0;0;0;0;0;0;0;0;0;0;0;72;94;0;0;0;0;0;0;1;0;284;2;0;0;0;0;2;0;0;0;0;130;3;0;0;0;3;0;0;2;0;0;0;0;0;2;0;0;0;0;0;0;0;0;0;0;0;0;0;0
2482;0;0;0;17;9;0;0;3;0;1;0;0;7;20;3;1;0;0;0;0;0;0;0;1;0;0;0;10;0;1;0;0;0;0;89;0;0;0;0;5;0;0;0;4;0;0;0;0;0;13;12;0;0;0;0;0;0;0;2;0;0;0;0;0;24;312;0;0;0;0;0;0;0;0;0;0;0;0;0;0;0;0;0;44;52;0;0;0;0;0;0;1;0;188;10;0;0;0;0;2;0;0;0;0;137;4;0;0;0;2;0;0;0;0;0;0;0;0;0;0;0;0;0;2;0;1;1;0;1;0;1;0;0
16946;1;0;0;16;4;0;0;5;0;5;0;2;5;32;2;39;0;0;0;0;0;0;0;0;0;1;0;81;1;0;0;0;0;1;586;0;0;0;0;5;0;0;1;197;0;1;10;1;3;1;6;0;0;0;0;0;1;0;0;0;12;0;0;0;1;8;0;0;1;0;3;0;0;0;0;0;1;0;3;0;7;0;1;1;0;0;0;0;5;0;0;1;0;1258;40;0;0;10;0;0;1;0;0;1;863;19;1;1;0;5;1;0;26;0;0;0;0;0;0;1;0;0;4;3;0;5;0;0;1;0;0;0;1
6379;3;0;0;36;15;0;0;0;0;0;0;0;14;57;6;0;0;0;1;0;0;0;0;0;0;0;1;13;0;1;0;0;0;0;119;0;0;0;0;2;0;0;0;6;0;0;1;1;1;25;21;0;0;0;0;0;0;0;3;0;0;0;0;0;11;182;0;0;0;0;1;0;0;0;0;0;0;0;0;0;3;0;0;95;109;0;0;0;0;0;0;0;0;535;14;0;0;0;1;5;0;0;0;0;208;3;0;0;0;3;0;0;2;0;0;0;0;0;1;0;0;0;1;0;0;0;0;0;0;0;1;0;0
6869;1;1;0;39;18;0;0;1;0;0;0;0;15;68;2;1;0;0;0;0;0;0;0;0;1;3;0;14;0;1;0;0;0;0;146;0;0;0;0;1;0;0;0;10;0;0;0;1;0;32;23;0;0;0;0;0;0;0;6;0;1;0;0;0;28;262;0;0;0;0;0;0;0;1;0;0;0;0;0;0;0;0;0;135;154;2;0;0;0;0;0;0;0;511;25;0;0;0;0;0;0;1;0;0;260;8;0;0;0;1;1;0;2;0;0;0;0;0;1;0;0;0;1;0;0;2;0;0;0;0;2;0;0
22974;1;0;0;46;33;0;1;71;0;11;1;39;38;106;9;152;0;2;9;3;1;0;1;0;0;3;0;156;0;3;0;0;1;16;3853;0;3;0;0;21;0;1;1;818;0;5;59;4;10;14;5;1;1;0;0;1;7;0;0;4;30;1;0;0;2;39;0;4;1;0;14;2;1;1;1;1;0;1;9;0;50;3;2;2;7;0;2;1;2;0;0;5;0;7661;186;0;0;24;0;6;3;0;3;2;3140;103;0;2;0;41;1;1;88;1;2;4;0;0;0;0;0;1;20;26;1;6;0;0;3;1;0;0;0
20053;0;0;1;20;8;0;0;49;0;7;1;0;16;117;3;137;0;0;6;1;0;1;0;0;0;3;1;184;0;5;0;1;0;9;3085;0;3;0;0;18;0;0;1;700;1;3;60;2;3;9;20;0;0;0;2;0;1;2;0;7;32;0;0;0;1;12;0;1;1;0;12;1;0;1;1;0;3;1;3;0;32;0;4;0;3;0;1;0;9;0;1;5;0;6705;169;0;3;24;0;0;3;0;1;2;2942;106;1;2;0;34;2;4;81;0;1;0;2;0;0;0;0;0;5;10;0;4;0;0;12;0;0;0;1
18408;0;0;0;36;23;1;1;78;0;11;2;0;40;162;11;167;0;4;13;0;1;1;0;1;0;4;1;274;0;9;0;0;1;8;3875;4;2;0;0;32;3;0;0;1069;0;6;120;1;5;9;12;0;0;1;0;1;8;0;0;7;54;2;0;0;1;17;0;5;2;0;21;1;1;1;1;0;2;1;8;0;54;1;2;1;7;7;1;2;14;1;0;6;2;9516;239;0;1;40;0;5;1;0;3;2;3867;143;1;1;0;40;4;3;131;1;7;1;3;0;0;0;0;0;18;9;3;4;0;0;5;0;0;0;1
11769;0;0;0;1;0;0;0;20;0;4;0;0;4;19;0;26;0;1;2;0;0;0;0;1;0;0;0;84;0;1;0;0;0;1;138;0;0;0;0;16;0;0;0;69;0;0;2;0;0;1;1;0;0;0;0;0;2;0;0;0;3;0;0;0;1;4;1;0;0;0;1;0;0;0;0;0;0;0;4;0;9;1;1;4;0;3;1;0;5;1;0;1;0;492;11;0;0;2;0;2;0;0;0;0;318;8;0;0;0;3;0;0;21;0;0;0;1;1;0;0;0;0;3;3;0;1;0;0;1;0;0;0;0
14320;0;0;0;2;1;0;0;23;0;5;2;0;3;18;1;48;0;0;4;0;1;0;0;0;0;0;2;103;0;3;0;0;0;2;85;0;0;0;0;13;0;1;0;264;0;0;29;1;0;1;1;0;0;0;0;1;2;0;0;1;7;0;0;0;1;3;0;2;0;0;2;0;0;0;0;0;1;0;1;0;7;0;0;1;6;6;0;0;4;0;0;2;0;1382;40;0;0;3;0;0;1;0;1;1;619;25;0;2;0;2;0;1;18;0;1;1;1;0;0;0;0;0;17;7;0;1;0;0;1;0;0;0;0
13956;0;0;2;2;1;0;0;40;1;5;2;0;22;63;3;3;1;0;4;0;0;0;0;1;0;0;1;79;0;5;0;0;0;0;185;0;0;0;0;12;0;0;0;91;0;0;19;0;0;2;3;0;0;0;0;0;2;0;0;0;9;0;0;0;2;1;0;0;0;0;7;2;0;2;0;0;0;0;2;2;5;2;0;2;1;0;1;0;5;1;0;0;0;664;7;0;0;2;0;0;0;0;0;0;346;12;0;0;0;5;0;0;17;0;0;2;0;0;0;0;0;0;7;5;1;0;0;0;1;0;0;0;0
1817;0;0;0;27;9;0;0;1;0;1;0;1;6;23;0;2;0;0;1;0;1;0;0;0;0;1;0;10;0;0;0;0;0;0;91;0;0;0;1;7;0;0;0;7;0;0;1;0;0;14;8;0;0;0;0;0;0;0;4;0;0;0;1;1;27;446;0;0;0;0;0;0;0;0;0;0;0;0;2;0;0;0;0;54;72;0;0;0;0;0;0;0;0;256;4;0;0;0;0;2;0;0;0;1;135;4;0;0;0;0;0;0;2;0;0;0;0;0;0;0;0;0;3;2;0;3;0;0;0;0;0;0;0
17212;0;0;1;28;11;0;2;72;2;14;4;0;37;167;9;197;0;0;15;1;1;0;0;0;0;9;0;277;0;9;0;1;0;5;3368;0;3;0;0;31;0;0;2;1006;0;6;101;1;6;25;17;0;4;0;4;0;9;1;0;9;45;0;0;0;3;15;0;0;0;0;23;0;0;0;3;1;0;0;5;0;55;2;1;25;13;4;0;0;14;0;0;3;1;9705;204;2;0;18;0;1;2;0;0;2;3984;114;0;1;0;46;8;3;121;0;4;1;2;0;0;1;0;0;18;22;0;8;1;0;6;1;0;0;1
13959;0;0;0;1;0;0;0;19;0;1;1;0;9;55;6;5;0;0;2;1;0;0;0;0;0;0;0;52;0;0;0;0;0;0;120;0;1;0;0;8;0;0;1;54;0;0;7;0;0;7;2;0;0;0;0;0;0;0;0;0;5;0;0;0;0;0;0;0;0;0;9;0;0;0;0;0;0;0;5;0;3;0;0;0;0;0;0;0;6;0;0;0;0;425;7;0;0;0;0;0;1;0;0;0;205;7;0;0;0;1;2;0;13;0;1;1;0;0;0;0;0;0;4;14;1;0;0;0;0;0;0;0;0
12977;0;0;0;3;3;0;1;30;0;3;0;0;85;222;24;27;1;0;0;2;0;0;0;0;0;0;0;102;0;4;0;0;0;1;419;1;0;0;0;9;0;0;0;154;0;1;23;55;75;25;18;0;0;0;0;0;2;0;0;0;5;0;0;0;3;5;0;0;0;0;6;0;0;0;0;0;1;0;3;0;3;0;0;2;1;0;0;0;0;0;0;4;0;1737;40;0;0;4;0;2;0;0;0;0;1031;26;1;0;0;6;1;0;17;0;1;0;0;0;0;0;1;0;41;29;0;0;0;0;0;0;0;0;1
18716;0;0;0;25;10;0;0;29;0;4;2;16;20;66;2;74;0;2;3;2;1;0;0;0;0;3;0;142;1;4;0;0;0;6;1331;1;0;0;0;11;1;0;1;479;1;0;37;2;6;11;4;0;2;0;1;0;2;0;0;3;29;1;0;0;2;13;0;0;1;0;16;0;0;0;1;2;0;0;3;0;16;2;0;1;4;0;0;1;4;0;0;1;0;3069;67;0;0;11;0;2;0;0;0;0;1707;45;0;0;0;12;0;1;52;0;2;0;0;0;0;0;1;0;10;9;1;4;0;0;2;0;0;0;0
22505;0;0;0;16;14;0;2;15;0;10;1;0;23;75;9;96;0;1;3;1;1;2;0;2;1;6;0;101;0;6;0;0;0;4;2363;0;2;0;0;12;0;0;0;458;0;3;47;0;7;9;6;0;0;0;0;1;2;0;0;1;31;0;0;0;2;14;0;2;0;0;14;2;1;0;0;1;1;1;4;1;39;0;3;1;3;0;0;0;6;0;0;1;0;4875;116;0;0;17;0;2;0;0;2;3;1966;92;0;0;0;13;0;0;78;0;2;0;0;0;0;1;1;0;6;11;0;7;0;0;6;0;0;0;1
4322;0;0;0;31;21;0;0;0;0;2;0;0;11;34;1;1;0;0;2;0;0;0;0;0;0;2;0;13;0;0;0;0;0;0;60;0;0;0;0;3;0;0;0;3;0;0;1;3;0;12;3;0;0;0;0;0;0;0;2;0;1;0;0;0;20;260;0;1;0;0;0;0;0;0;0;0;0;0;0;0;0;0;0;101;121;0;0;0;1;0;0;0;0;265;8;0;0;0;0;2;0;0;0;0;159;7;0;0;0;0;0;0;3;0;0;0;0;0;0;0;0;0;0;0;0;1;0;0;0;0;0;0;0
15596;0;0;0;13;8;0;0;29;0;1;3;27;18;48;1;107;0;1;1;0;0;0;0;0;0;3;0;197;2;7;0;0;0;0;518;0;1;0;0;20;0;0;2;375;0;1;29;0;2;7;7;2;0;0;0;0;5;0;0;4;13;0;0;0;0;11;0;1;0;0;4;0;0;0;0;3;1;0;5;0;22;0;0;3;3;0;0;0;3;2;0;2;0;2494;46;0;0;27;0;0;1;0;0;2;1447;33;0;0;1;11;1;2;45;0;1;1;0;0;0;3;1;0;7;8;1;2;0;0;1;0;0;0;2
13553;0;0;0;11;1;0;0;45;1;15;2;0;5;41;1;53;0;3;3;1;0;1;0;0;0;0;2;103;0;3;0;0;0;0;158;0;1;0;0;13;0;0;0;169;0;0;22;0;1;2;0;0;0;0;0;0;1;0;0;2;13;0;0;0;0;3;0;0;0;0;6;3;0;0;0;0;0;0;2;1;11;0;0;0;1;0;0;0;2;0;1;0;1;1495;51;0;0;5;0;0;0;0;0;1;749;13;0;0;0;6;0;2;22;0;3;0;0;0;0;0;0;0;9;7;0;0;0;0;0;0;0;0;0
1195;0;0;0;13;4;0;0;5;0;0;0;0;0;25;1;0;0;0;0;0;0;0;0;0;0;0;0;5;0;0;0;0;0;0;57;0;0;0;0;5;0;0;0;2;0;0;0;0;1;5;4;0;0;0;0;0;0;0;1;0;0;0;0;0;13;231;0;0;0;0;0;1;0;0;0;0;0;0;0;0;0;0;0;34;56;0;0;0;0;0;0;1;0;120;1;0;0;0;0;0;0;0;0;0;91;1;0;0;0;0;0;0;1;0;0;0;0;0;0;0;0;0;0;0;0;2;0;0;0;0;0;0;0
13743;0;0;0;1;0;0;0;10;1;0;0;8;3;22;0;1;0;0;2;2;0;0;0;0;0;0;2;28;0;2;0;0;0;0;35;0;0;0;0;3;0;0;0;36;0;0;1;0;0;1;1;0;0;0;0;0;0;0;0;0;3;0;0;0;0;0;0;0;0;1;1;0;0;0;0;0;0;0;0;0;1;0;0;0;1;0;0;0;1;0;0;0;0;168;6;0;0;0;0;0;0;0;0;0;86;0;0;0;0;1;0;0;7;0;0;0;0;0;0;0;0;0;4;0;0;0;0;0;0;0;0;0;0
260;0;0;0;12;3;0;0;1;0;1;1;0;3;7;1;0;0;0;0;3;0;0;0;0;0;0;0;15;0;0;0;0;0;0;40;0;0;0;0;4;0;0;0;2;0;0;0;0;0;5;7;0;0;0;0;0;1;0;1;0;1;0;0;0;19;221;0;0;0;0;0;0;0;0;0;0;0;0;0;0;0;0;0;14;16;0;0;0;2;0;0;0;0;105;1;0;0;0;0;0;0;0;0;0;70;5;0;0;0;2;0;0;3;0;0;0;0;0;0;0;0;0;1;1;0;2;0;0;3;0;0;0;0
11508;0;0;0;27;22;0;0;5;1;0;0;4;6;44;1;7;0;0;0;0;0;0;0;0;1;1;0;27;0;1;0;0;0;2;239;0;0;0;0;6;0;0;0;23;0;0;1;1;4;27;14;0;0;0;0;0;0;0;0;0;0;0;0;2;160;1827;0;1;0;0;1;0;0;0;0;0;0;0;0;0;0;0;0;0;2;0;1;0;5;0;0;0;0;971;13;0;0;1;0;1;0;2;0;0;447;16;0;1;0;5;0;0;2;0;0;0;0;0;10;0;0;0;2;1;0;1;0;0;1;0;0;0;0
9805;0;0;0;114;101;0;0;12;0;2;0;0;102;286;17;14;0;0;3;1;0;0;0;0;0;1;0;99;0;3;0;0;0;6;582;0;1;1;1;13;0;0;0;28;0;0;2;4;4;71;55;0;0;0;0;0;3;0;18;0;2;0;2;1;109;1467;0;2;0;0;1;0;0;1;0;0;0;0;1;0;0;0;0;92;58;4;0;0;3;0;0;1;0;3690;242;1;5;1;0;10;0;0;0;0;1090;40;0;1;0;10;1;1;7;0;0;1;0;0;11;0;0;0;7;7;1;8;0;0;1;0;2;1;0
7558;0;0;0;15;12;0;0;2;0;2;0;0;13;47;4;1;0;0;0;0;0;0;0;0;0;5;0;14;0;0;0;0;0;1;130;0;0;0;0;3;0;0;0;8;0;0;4;0;0;10;15;0;0;0;0;0;0;0;1;0;0;0;3;0;6;121;0;0;0;0;0;0;0;0;0;0;0;0;0;0;0;0;0;82;76;2;0;0;0;0;0;3;0;495;18;0;1;0;0;1;0;0;0;1;185;0;0;0;0;4;0;0;0;0;0;0;0;0;0;0;0;0;0;2;0;6;0;0;0;0;1;0;0
3025;0;0;0;18;13;0;0;4;0;0;0;0;11;25;1;1;0;0;0;1;1;0;0;0;0;0;0;18;0;0;0;0;0;0;59;0;0;0;0;4;0;0;0;5;0;0;2;0;1;8;12;0;0;0;0;0;0;0;1;0;0;0;0;1;17;250;0;0;0;0;0;0;0;0;0;0;0;0;1;0;0;0;0;52;66;1;0;0;0;0;0;0;0;224;2;0;0;0;0;1;0;0;0;0;154;2;0;0;0;0;1;0;4;0;0;0;0;0;0;0;0;0;1;1;0;2;0;1;0;0;0;0;0
53;0;0;0;14;13;0;0;4;0;5;1;2;6;15;2;2;0;0;0;0;0;0;0;0;0;0;0;22;0;5;0;0;0;0;134;1;1;0;0;15;0;0;0;5;0;0;1;0;0;12;7;0;0;0;0;0;0;0;0;0;0;0;0;2;30;227;0;0;0;0;0;0;1;0;0;0;0;0;0;0;2;0;0;46;24;0;0;0;0;0;0;1;0;317;4;0;1;2;0;0;0;0;0;3;126;2;0;0;0;0;0;0;0;0;0;0;0;0;0;0;0;0;0;2;0;0;0;0;1;0;0;0;0
10402;0;0;0;0;1;0;0;17;0;8;2;0;3;23;1;4;0;0;3;0;0;0;0;0;0;0;0;36;0;0;0;0;0;0;71;0;0;0;0;4;0;0;0;69;0;0;5;0;0;0;2;0;0;0;0;0;0;0;0;1;0;0;0;0;0;1;0;0;0;0;3;2;0;0;0;0;0;1;0;0;6;0;0;1;2;0;1;0;4;1;0;2;0;411;4;0;0;0;0;0;0;0;1;1;181;7;0;0;0;3;0;0;11;0;0;0;0;0;0;0;0;0;2;4;0;0;0;0;0;0;0;0;0
712;0;0;0;10;3;0;0;4;0;5;0;1;1;10;0;1;0;0;0;2;0;0;0;0;0;0;0;6;0;0;0;0;0;0;46;0;0;0;0;9;0;0;0;5;0;0;0;0;0;4;7;0;0;0;0;0;0;0;2;3;1;0;0;1;18;160;0;0;0;1;0;0;1;0;0;0;0;0;0;0;0;0;0;28;16;0;0;0;0;0;0;1;0;101;1;0;0;2;0;1;0;0;1;0;61;2;0;0;0;1;0;0;3;0;0;0;0;0;0;0;0;0;3;1;0;0;0;0;0;0;0;0;1
