"";"Aaosphaeria.arxii.CBS.175.79_unknown_out";"Acaromyces.ingoldii_parasite_out";"Agaricales_unknown_2";"Agaricomycetes.incertae.sedis_unknown_out";"Agaricomycetes_unknown_out";"Agaricomycetidae_unknown_out";"Agaricomycotina_unknown_out";"Agaricus.bisporus_saprotroph_2";"Alternaria.alternata_mould_2";"Alternaria.sect..Alternaria_mould_2";"Alternaria.solani_mould_2";"Alternaria_mould_2";"Amanita.phalloides_mycorrhizae_out";"Amorphotheca.resinae.ATCC.22711_unknown_out";"Anthracocystis.panici.leucophaei_parasite_out";"Anthracoidea.elynae_parasite_3";"Anthracoidea_parasite_3";"Apiotrichum.mycotoxinovorans_yeast_4";"Apiotrichum.porosum_yeast_4";"Aplosporella.prunicola.CBS.121167_saprotroph_out";"Armillaria.ostoyae_parasite_out";"Armillaria.sinapina_parasite_out";"Armillaria_parasite_out";"Arthroderma.uncinatum_unknown_out";"Ascochyta.rabiei_parasite_out";"Ascomycota_unknown_out";"Aspergillaceae_saprotroph_4";"Aspergillus.chevalieri_saprotroph_4";"Aspergillus.flavus_saprotroph_4";"Aspergillus.fumigatus_saprotroph_4";"Aspergillus.glaucus.CBS.516.65_saprotroph_4";"Aspergillus.mulundensis_saprotroph_4";"Aspergillus.nidulans.FGSC.A4_saprotroph_4";"Aspergillus.puulaauensis_saprotroph_4";"Aspergillus.subgen..Fumigati_saprotroph_4";"Aspergillus_saprotroph_4";"Aureobasidium.pullulans.EXF.150_mould_3";"Aureobasidium_mould_3";"Basidiomycota_unknown_out";"Baudoinia.panamericana.UAMH.10762_unknown_out";"Beauveria.bassiana_parasite..insects._out";"Blumeria.graminis.f..sp..tritici_parasite_out";"Blumeria_parasite_out";"Boletaceae_mycorrhizae_out";"Boletales_unknown_out";"Botryosphaeriaceae_unknown_out";"Botrytis.cinerea.B05.10_parasite_1";"Botrytis.cinerea_parasite_1";"Botrytis.deweyae_parasite_1";"Botrytis.fragariae_parasite_1";"Botrytis.porri_parasite_1";"Botrytis_parasite_1";"Brettanomyces.nanus_yeast_1";"Bryoria.tenuis_lichen_out";"Bulleribasidiaceae_yeast_out";"Cadophora.malorum_parasite_4";"Cadophora_parasite_4";"Cairneyella.variabilis_mycorrhizae_out";"Candida.parapsilosis_yeast_2";"Candida.tropicalis_yeast_2";"Ceratobasidiaceae_mycorrhizae_out";"Cercospora_parasite_out";"Chaetothyriales_unknown_out";"Chaetothyriomycetidae_unknown_out";"Chytridiomycetes_unknown_out";"Cladonia_lichen_2";"Cladosporium.sp._mould_2";"Cladosporium_mould_2";"Clavicipitaceae_parasite_out";"Clavispora.lusitaniae_yeast_5";"Clavulina.sp._mycorrhizae_2";"Clitopilus.hobsonii_mycorrhizae_2";"Colletotrichum.gloeosporioides.species.complex_parasite_1";"Colletotrichum.graminicola.M1.001_parasite_1";"Colletotrichum.karsti_parasite_1";"Colletotrichum.truncatum_parasite_1";"Colletotrichum_unknown_1";"Coniophora.puteana.RWD.64.598.SS2_saprotroph_out";"Coniosporium.apollinis.CBS.100218_yeast_out";"Coniothyrium.glycines_parasite_1";"Cordyceps.fumosorosea.ARSEF.2679_parasite_2";"Cordyceps.militaris_parasite_2";"Cordycipitaceae_parasite_out";"Cryphonectriaceae_parasite_out";"Cyberlindnera.jadinii_yeast_out";"Cyphellophora.europaea.CBS.101466_yeast_out";"Daldinia_saprotroph_out";"Debaryomyces.hansenii.CBS767_yeast_2";"Diaporthales_unknown_out";"Diaporthe_parasite_out";"Didymellaceae_parasite_out";"Diplodia.corticola_parasite_2";"Dissoconium.aciculare.CBS.342.82_parasite_out";"dothideomyceta_unknown_out";"Dothideomycetes_unknown_out";"Dothideomycetidae_unknown_out";"Dothidotthia.symphoricarpi.CBS.119687_parasite_out";"Drepanopeziza.brunnea.f..sp...multigermtubi..MB.m1_parasite_out";"Drepanopeziza.brunnea.f..sp...multigermtubi._parasite_out";"Endocarpon.pusillum.Z07020_lichen_3";"Epichloe_parasite_4";"Eremomyces.bilateralis.CBS.781.70_saprotroph_out";"Erysiphaceae_unknown_out";"Eurotiales_unknown_out";"Eurotiomycetes_unknown_out";"Eurotiomycetidae_unknown_out";"Exophiala.aquamarina.CBS.119918_parasite_out";"Exophiala.mesophila_parasite_out";"Exophiala.oligosperma_parasite_out";"Exserohilum.turcica.Et28A_parasite_out";"Exserohilum.turcicum_parasite_out";"Flammulina.velutipes_saprotroph_out";"Fonsecaea_parasite_out";"Fusarium.fujikuroi_parasite_2";"Fusarium.incarnatum.equiseti.species.complex_parasite_2";"Fusarium.oxysporum.Fo47_parasite_2";"Fusarium.oxysporum.NRRL.32931_parasite_2";"Fusarium.oxysporum.species.complex_parasite_2";"Fusarium.oxysporum_parasite_2";"Fusarium.sambucinum.species.complex_parasite_2";"Fusarium.solani.species.complex_parasite_2";"Fusarium.solani_parasite_2";"Fusarium.vanettenii.77.13.4_parasite_2";"Fusarium.verticillioides.7600_parasite_2";"Fusarium_parasite_2";"Gaeumannomyces.tritici.R3.111a.1_parasite_out";"Ganoderma.applanatum_saprotroph_1";"Ganoderma_saprotroph_1";"Geomyces.sp...in..Leotiomycetes._mycorrhizae_2";"Geomyces.sp..21IN08_mycorrhizae_2";"Glarea.lozoyensis.ATCC.20868_unknown_out";"Glarea.lozoyensis_unknown_out";"Glomeraceae_mycorrhizae_out";"Grosmannia.clavigera.kw1407_saprotroph_out";"Gymnopilus.junonius_mycorrhizae_out";"Helotiales_unknown_out";"Herpotrichiellaceae_unknown_out";"Heterobasidion.irregulare.TC.32.1_parasite_5";"Heterobasidion.irregulare_parasite_5";"Hirsutella.minnesotensis_parasite_4";"Hirsutella.rhossiliensis_parasite_4";"Hirsutella_parasite_4";"Hyaloscypha.bicolor.E_mycorrhizae_1";"Hyaloscyphaceae_saprotroph_out";"Hygrocybe_mycorrhizae_out";"Hyphopichia.pseudoburtonii_yeast_4";"Hypocreales_unknown_out";"Hypocreomycetidae_unknown_out";"Ilyonectria.sp._parasite_3";"Inocybaceae_mycorrhizae_out";"Kluyveromyces.marxianus_yeast_2";"Komagataella.phaffii.CBS.7435_yeast_out";"Komagataella.phaffii_yeast_out";"Komagataella_yeast_out";"Laccaria.bicolor.S238N.H82_mycorrhizae_1";"Laccaria.bicolor_mycorrhizae_1";"Laccaria_mycorrhizae_1";"Lachnellula.hyalina_parasite_out";"Lasiodiplodia.theobromae_parasite_out";"Lecanorineae_lichen_1";"Lecanoromycetes_lichen_1";"Lecanoromycetidae_lichen_1";"leotiomyceta_unknown_out";"Leotiomycetes.incertae.sedis_unknown_out";"Leotiomycetes_unknown_out";"Leptosphaeria.biglobosa..brassicae..group_parasite_2";"Leptosphaeria.biglobosa..thlaspii..group_parasite_2";"Leptosphaeria.maculans.species.complex_parasite_2";"Lobosporangium.transversale_saprotroph_out";"Malassezia.furfur_yeast_2";"Malassezia.globosa_yeast_2";"Malassezia.restricta.CBS.7877_yeast_2";"Malassezia.restricta_yeast_2";"Malassezia.sympodialis_yeast_2";"Malassezia_yeast_2";"Melampsora.larici.populina.98AG31_parasite_out";"Melampsora_parasite_out";"Metarhizium.brunneum_parasite_1";"Metarhizium_parasite_1";"Meyerozyma.guilliermondii.ATCC.6260_yeast_out";"Microbotryum.lychnidis.dioicae_parasite_out";"Mollisia.scopiformis_saprotroph_out";"Mollisiaceae_saprotroph_out";"Monilinia.vaccinii.corymbosi_parasite_2";"Monilinia_parasite_2";"Morchella.importuna_saprotroph_3";"Morchella.sect..Distantes_unknown_3";"Mortierella.sp..08CT03_saprotroph_out";"Mortierellaceae_saprotroph_out";"Mucorales_unknown_out";"Mycosphaerellaceae_parasite_out";"Mycosphaerellales_parasite_out";"Mytilinidion.resinicola_saprotroph_out";"Nectriaceae_unknown_out";"Neohortaea.acidophila_unknown_1";"Ophiocordyceps_parasite_2";"Ophiocordycipitaceae_parasite_out";"OSLEUM.clade_lichen_out";"Paecilomyces.variotii_mould_out";"Paraphaeosphaeria.sporulosa_parasite_out";"Parastagonospora.nodorum.SN15_parasite_out";"Parastagonospora.nodorum_parasite_out";"Parmeliaceae_lichen_1";"Peltigera_lichen_4";"Peltigerales_lichen_4";"Peltigerineae_lichen_4";"Penicilliopsis.zonata.CBS.506.65_saprotroph_3";"Penicillium.arizonense_saprotroph_3";"Penicillium.digitatum_saprotroph_3";"Penicillium.roqueforti_saprotroph_3";"Penicillium.rubens.Wisconsin.54.1255_saprotroph_3";"Penicillium_saprotroph_3";"Pestalotiopsis.fici.W106.1_parasite_2";"Pezizales_unknown_out";"Pezizomycotina_unknown_out";"Phialocephala.fortinii.species.complex_mycorrhizae_1";"Phialocephala.sp..HDN13.357_mycorrhizae_1";"Phialocephala.subalpina_mycorrhizae_1";"Physalacriaceae_unknown_out";"Physciaceae_lichen_out";"Pithomyces.chartarum_saprotroph_1";"Pleosporaceae_unknown_out";"Pleosporales_unknown_out";"Pleosporineae_unknown_out";"Pleosporomycetidae_unknown_out";"Pleurotus.ostreatus_saprotroph_out";"Ploettnerulaceae_unknown_out";"Pneumocystis.carinii.B80_parasite..mammals._out";"Podila.verticillata_saprotroph_out";"Polyporaceae_saprotroph_out";"Polyporales_saprotroph_out";"Postia.placenta.MAD.698.R.SB12_saprotroph_3";"Pseudeurotiaceae_unknown_out";"Pseudevernia.consocians_lichen_1";"Pseudogymnoascus.destructans_saprotroph_4";"Pseudogymnoascus.pannorum_saprotroph_4";"Pseudogymnoascus.verrucosus_saprotroph_4";"Pseudogymnoascus_saprotroph_4";"Puccinia.triticina_parasite_out";"Puccinia_parasite_out";"Pucciniales_parasite_out";"Purpureocillium.lilacinum_saprotroph_out";"Purpureocillium_saprotroph_out";"Pyrenopeziza.brassicae_saprotroph_4";"Pyrenophora.teres.f..maculata_parasite_out";"Pyrenophora.teres_parasite_out";"Pyrenophora.tritici.repentis.Pt.1C.BFP_parasite_out";"Pyrenophora_parasite_out";"Pyricularia.oryzae_parasite_3";"Pyronema.omphalodes_saprotroph_out";"Ramularia.collo.cygni_parasite_out";"Rasamsonia.emersonii.CBS.393.64_parasite_3";"Rhinocladiella.mackenziei.CBS.650.93_parasite_5";"Rhizoctonia.solani_parasite_2";"Rhizoctonia_parasite_2";"Rhizophagus.irregularis_mycorrhizae_2";"Rhizophagus_mycorrhizae_2";"Rhodotorula.graminis.WP1_yeast_3";"Rhynchobrunnera.orthospora_unknown_out";"Rhynchosporium_parasite_out";"Russulaceae_mycorrhizae_2";"Russulales_mycorrhizae_out";"Saccharomyces.cerevisiae_yeast_2";"Saccharomyces_yeast_2";"saccharomyceta_yeast_2";"Saccharomycetaceae_yeast_2";"Saccharomycetales_yeast_2";"Scedosporium.apiospermum_parasite_out";"Sclerotinia.borealis_parasite_1";"Sclerotinia.sclerotiorum.1980.UF.70_parasite_1";"Sclerotiniaceae_unknown_1";"Sordaria.macrospora.k.hell_saprotroph_4";"Sordariales_saprotroph_4";"sordariomyceta_unknown_4";"Sordariomycetes_unknown_4";"Sordariomycetidae_unknown_4";"Sporisorium.graminicola_parasite_1";"Sporisorium.reilianum.SRZ2_parasite_1";"Sporothrix_saprotroph_2";"Stemphylium.lycopersici_parasite_2";"Stereocaulon_lichen_5";"Stereum.hirsutum.FP.91666.SS1_saprotroph_out";"Suillineae_mycorrhizae_1";"Suillus_mycorrhizae_1";"Sydowia.polyspora_parasite_out";"Talaromyces.rugulosus_mould_1";"Talaromyces.sect..Talaromyces_mould_1";"Thelephora.aurantiotincta_mycorrhizae_1";"Thelephora.ganbajun_mycorrhizae_1";"Thelephora_mycorrhizae_1";"Thelephoraceae_mycorrhizae_1";"Thermothelomyces.thermophilus.ATCC.42464_parasite_4";"Thermothielavioides.terrestris.NRRL.8126_unknown_1";"Thyridium.curvatum_unknown_out";"Tilletiopsis.washingtonensis_saprotroph_2";"Trametes.versicolor.FP.101664.SS1_saprotroph_1";"Trematosphaeria.pertusa_parasite_5";"Trichoderma.atroviride_saprotroph_1";"Trichoderma.gamsii_saprotroph_1";"Trichoderma_saprotroph_1";"Trichosporon.asahii.var..asahii.CBS.2479_yeast_3";"Trichosporonaceae_yeast_out";"Tuber.calosporum_mycorrhizae_4";"Tuber.melanosporum.Mel28_mycorrhizae_4";"Tuber_mycorrhizae_4";"unclassified.Geomyces_mycorrhizae_2";"unclassified.Mortierella_saprotroph_out";"unclassified.Oidiodendron_mycorrhizae_1";"uncultured.Basidiomycota_unknown_out";"Ustilaginaceae_parasite_out";"Ustilaginoidea.virens_parasite_out";"Ustilaginomycotina_parasite_out";"Ustilago_parasite_out";"Vanderwaltozyma.polyspora.DSM.70294_yeast_out";"Venturia.effusa_parasite_2";"Venturia_parasite_2";"Venustampulla.echinocandica_unknown_out";"Verrucariaceae_lichen_5";"Wallemia.mellicola.CBS.633.66_unknown_3";"Westerdykella.ornata_saprotroph_3";"Wickerhamomyces.anomalus.NRRL.Y.366.8_yeast_2";"Wickerhamomyces.ciferrii_yeast_2";"X.Candida..hispaniensis_yeast_out";"X.Candida..intermedia_yeast_out";"Xylariales_unknown_out";"Yarrowia.lipolytica_mould_2";"Yarrowia_yeast_2";"Zymoseptoria.tritici_parasite_out"
"53";0;0;1,94;0;12,4;1,88;2,15;0;0;0;0;0;0;0;0;0;0;2,28;0;0;2,04;0;0;2,08;0;0;0;0;0;0;0;0;0;0;0;0;0;0;6,02;0;0;0;0;0;2,15;0;0;0;0;0;0;4,5;0;0;0;0;0;0;2,37;0;0;0;0;0;0;1,9;0;0;2,35;0;0;0;0;0;0;0;4,47;3,83;0;0;2,18;0;0;0;0;0;0;0;0;0;0;0;0;0;0;0;0;0;0;2,36;0;0;0;0;0;0;0;0;0;0;0;0;0;0;0;0;0;0;0;0;0;0;0;0;0;0;0;0;0;0;0;2,03;0;0;0;0;0;0;0;0;33,02;0;39,7;0;0;0;2,17;0;0;0;0;0;0;0;8,59;6,02;0;1,88;0;0;0;0;33,87;0;1,97;0;0;0;0;0;0;0;1,9;0;0;0;0;0;0;0;0;0;0;0;0;0;0;0;4,29;0;0;0;0;0;0;0;0;0;0;2,1;0;0;0;0;0;0;0;0;0;0;0;0;0;0;4,21;0;0;0;0;2,14;0;0;0;4,25;0;0;0;0;0;0;0;0;0;0;2,06;0;0;2,38;0;0;2,14;0;0;0;0;0;0;0;0;0;0;0;0;0;0;6,39;0;0;0;0;0;0;2,39;0;0;0;0;0;0;0;0;0;1,99;2,14;1,85;0;0;2,27;0;0;0;0;0;23,46;2,02;0;0;0;1,9;0;0;0;0;0;0;0;2,33;0;0;0;0;0;0;0;0;1,9;4,07;0;0;0;0;0;0;0;4,3;0;0;0;0;0;0;0;6,37;0;0;0;0;0
"260";0;0;0;0;16,64;0;7,12;0;0;0;0;0;0;0;3,45;0;0;0;0;0;0;0;0;0;0;0;0;0;0;3,12;0;0;0;0;0;7,01;0;0;0;0;0;0;0;0;0;0;0;3,54;0;0;0;3,96;10,43;0;0;0;0;0;0;0;0;0;0;0;0;0;0;0;0;0;0;0;0;0;0;0;0;3,48;0;0;0;0;0;0;0;0;0;0;0;0;0;0;0;0;0;0;0;0;0;0;0;0;0;0;0;0;0;0;0;3,37;0;0;0;0;0;0;0;0;0;0;0;0;0;0;0;0;0;0;0;0;0;0;0;0;0;3,31;0;0;0;0;17,55;0;34,85;0;0;0;0;0;0;0;0;0;0;0;0;0;0;0;0;0;0;0;28,11;0;0;0;0;0;0;13,85;0;0;27,84;0;0;0;0;0;0;7,26;0;0;0;0;0;0;0;0;10,05;0;0;0;0;0;0;0;0;0;0;0;0;3,55;3,4;3,4;0;0;0;0;0;0;0;0;0;0;6,87;0;0;0;0;0;0;0;0;0;0;0;0;0;0;0;0;0;0;0;0;0;0;3,44;0;0;3,57;0;0;0;0;0;0;0;0;0;0;0;0;0;0;0;0;0;0;0;0;0;0;0;0;0;0;0;0;0;0;0;0;3,56;6,86;0;0;0;0;0;0;0;0;11,28;0;0;0;0;0;0;0;3,15;0;10,81;0;0;0;0;0;0;0;0;0;0;0;0;0;0;0;0;0;0;0;0;6,73;0;0;0;0;3,44;0;0;0;0;0;0;0;0
"712";0;2,92;2,92;2,93;22,91;0;0;0;0;0;0;0;0;0;0;0;0;0;0;2,9;0;0;0;0;0;0;0;0;0;0;0;0;0;0;0;5,92;0;0;3,01;0;0;0;0;0;5,66;0;0;0;0;0;0;2,86;2,75;0;0;0;0;0;0;0;0;0;0;0;0;0;0;2,82;0;0;0;0;2,97;0;0;0;0;0;0;0;0;0;0;0;0;0;0;0;0;0;0;0;0;0;0;0;0;0;0;2,94;0;0;0;0;0;0;0;0;0;0;0;0;0;0;0;0;0;0;0;0;0;0;0;0;0;0;0;0;0;0;0;0;0;0;0;0;0;0;0;0;43,09;0;20,22;0;0;0;8,74;0;0;0;0;0;0;0;2,92;0;0;0;0;0;0;2,9;25,03;0;2,93;0;0;0;0;0;2,75;0;8,74;0;0;0;0;0;0;0;0;0;0;0;0;0;0;0;11,7;0;0;0;0;0;0;0;0;0;0;0;0;0;0;0;0;0;0;3,06;0;0;0;0;0;0;11,3;0;0;0;2,64;0;0;0;0;0;0;0;0;0;0;0;2,96;2,87;0;0;0;0;0;0;0;0;0;0;0;0;0;0;0;0;0;0;0;0;0;0;0;2,87;0;0;0;5,38;2,77;0;0;0;3;0;0;0;0;0;0;0;0;14,14;8,61;0;0;0;0;0;0;2,97;2,98;14,2;0;0;0;0;0;0;0;0;0;0;0;0;0;0;0;0;0;0;0;0;2,72;0;0;0;0;0;0;0;0;0;0;0;0;0;0;0;0;0;0;0;0;0;0;0
"1195";0;0;8,93;4,38;8,44;0;0;0;0;0;0;0;0;0;0;0;0;0;0;0;0;0;0;0;0;0;0;0;0;0;0;0;0;0;0;16,88;0;0;0;0;0;0;0;0;4,45;0;0;0;0;0;0;0;16,07;0;0;0;0;0;0;0;0;0;0;0;0;0;0;0;0;0;0;0;0;0;0;0;0;0;0;0;0;0;0;0;0;0;0;0;0;0;0;0;0;0;0;0;0;0;0;0;0;0;0;0;0;0;0;0;0;0;0;0;0;0;0;0;0;0;0;0;0;0;0;0;0;0;0;0;0;0;0;0;0;0;0;4,22;0;0;0;0;36,47;0;37,58;0;0;0;8,44;0;0;0;0;0;0;0;4,28;0;0;0;0;0;0;0;20,41;0;8,99;0;0;0;0;0;0;0;17,06;0;0;0;4,18;0;0;0;0;0;0;0;0;0;0;0;8,39;0;0;0;0;0;0;0;0;0;0;0;0;0;0;0;0;0;0;0;0;0;0;0;0;0;0;0;0;0;0;0;0;0;4,12;0;0;0;0;0;0;0;0;0;0;0;7,91;0;0;3,87;0;0;0;0;0;0;0;0;0;0;0;0;0;0;0;0;0;0;0;0;0;0;0;0;0;0;8,03;0;4,61;0;0;3,91;0;0;0;0;8,57;0;0;0;0;0;0;0;0;4,48;0;0;0;0;0;0;0;0;0;0;0;0;0;0;0;0;0;0;0;0;8,15;0;8,21;0;0;0;0;0;3,97;0;0;0;0;0;0;0;0;0;0;0;0;0;0;0
"1817";0;0;0;2,77;5,83;2,64;0;0;0;0;0;0;0;0;0;0;0;0;0;2,53;2,68;0;0;0;0;2,75;0;0;0;0;0;0;0;0;0;0;0;0;2,51;0;0;0;0;0;0;0;0;0;0;0;0;0;13,61;0;0;0;0;0;0;0;0;0;0;0;0;0;0;0;0;0;0;0;0;0;0;0;2,68;0;0;0;0;0;0;0;0;0;0;0;0;0;0;0;0;0;0;0;0;0;0;0;2,47;0;0;0;0;0;0;0;0;0;0;0;0;2,73;0;0;0;0;0;0;0;0;0;0;0;0;0;0;0;0;0;0;0;0;0;2,77;0;0;0;0;24,27;0;0;0;0;2,44;5,37;0;0;0;0;0;0;0;2,65;2,75;0;0;0;0;0;0;34,89;0;0;0;0;0;0;0;0;0;8,31;2,75;0;0;0;0;0;0;0;0;0;0;0;0;2,71;0;67,21;0;0;0;0;0;0;0;0;0;0;0;0;0;2,77;0;0;0;0;0;0;0;0;0;0;0;5,25;0;0;0;0;0;0;0;0;0;0;0;0;0;0;0;0;0;0;0;8,08;0;8,28;5,31;0;0;0;0;0;0;0;0;0;0;0;0;0;0;0;0;0;10,35;0;0;0;0;0;0;0;2,55;2,84;0;0;0;0;0;0;0;0;2,8;0;0;0;0;0;0;0;0;0;8,31;0;0;0;0;0;0;0;0;0;0;0;0;0;0;0;5,34;0;0;0;0;0;0;2,74;0;0;0;2,81;0;2,82;0;5,43;0;0;0;0;0;0;0;0;0;0;0;0;0
"2482";0;0;0;0;2,19;6,91;0;0;0;0;0;0;0;0;0;0;0;0;4,2;0;2,45;2,38;0;0;0;2,44;0;0;0;0;0;0;0;0;0;4,56;2,29;0;9,34;11,84;0;0;0;0;0;0;2,15;13,96;0;0;0;4,76;8,73;0;0;0;0;0;0;0;0;0;0;0;2,12;2,23;0;2,19;0;0;0;2,31;0;0;0;2,29;0;0;0;0;0;0;0;0;0;0;0;0;0;0;0;0;0;0;0;0;0;0;0;0;0;0;0;0;0;0;0;0;0;0;0;0;0;0;0;0;0;0;0;0;0;0;0;0;0;0;0;0;0;0;0;0;0;0;0;0;0;0;0;0;16,09;1,94;7,36;0;0;0;2,31;0;2,24;0;2,23;0;0;0;0;0;0;0;0;0;0;0;24,78;0;0;0;0;0;0;0;4,65;0;6,78;0;0;6,99;0;0;0;0;0;0;0;0;0;2,04;0;2,02;11,08;0;0;0;2,45;0;0;0;0;0;0;0;0;0;2,29;0;0;0;0;0;0;0;0;0;0;0;0;0;0;0;2,3;0;0;0;0;2,38;0;0;0;0;0;0;0;0;0;2,29;0;0;0;2,04;0;0;0;0;0;0;0;0;0;0;0;0;0;0;0;0;0;4,29;0;0;0;0;0;0;0;0;10,56;0;2,24;0;2,57;0;0;0;0;0;0;0;0;0;0;0;0;0;0;16,22;0;0;0;0;0;0;0;2,4;0;0;13,16;0;2,15;0;0;11,64;0;0;0;0;0;0;4,47;0;2,43;0;0;0;6,77;0;0;0;2,5;0;0;0;0;0;0;0;0;0;0;0
"3025";0;0;6,22;0;6,65;0;6,2;0;0;0;0;0;0;0;0;0;0;3,23;0;0;0;0;0;0;0;0;0;0;0;0;0;3,1;0;0;0;0;0;0;6,11;0;0;0;0;3,1;3,16;2,83;0;0;0;0;0;3,38;0;0;0;0;0;0;0;0;0;0;0;0;0;0;0;0;0;0;0;0;0;0;0;0;0;0;0;0;0;0;0;3,31;0;0;0;0;0;0;0;0;0;0;0;0;0;0;11,96;0;2,99;0;0;0;0;0;0;0;0;0;0;0;0;0;0;0;0;0;0;0;0;0;0;0;3,36;3,44;0;0;0;0;0;0;0;2,85;0;3,41;0;0;0;0;25,6;0;12,11;0;0;0;6,17;0;0;0;0;0;0;0;0;0;0;0;0;3,17;0;0;37,69;0;8,39;0;0;3,3;0;0;0;0;3,02;9,69;0;0;0;3,26;0;0;0;0;0;0;0;0;0;0;12,33;0;0;0;0;0;0;0;0;0;0;0;0;0;0;3,18;0;0;0;0;0;0;3,33;0;0;0;2,91;0;0;0;3,12;0;0;0;0;0;0;0;0;0;0;0;0;0;0;0;0;0;3,43;0;0;0;0;0;0;0;0;0;0;0;0;0;0;0;0;0;0;0;6,26;0;0;3,18;0;0;0;3,22;15,11;0;3,05;0;0;0;0;0;0;0;2,81;0;2,95;0;0;0;0;0;0;6,26;0;0;0;0;0;0;0;0;0;0;0;0;0;0;0;3,43;0;0;0;0;0;0;0;0;0;0;0;0;3,21;6,22;0;0;0;0;0;0;0;0;0;0;0;0;0;3,3
"4322";0;0;0;0;12,86;0;0;0;0;0;0;0;0;0;0;0;0;0;0;0;2,86;6,01;0;0;0;3,09;0;0;0;0;0;0;0;0;0;0;0;3,37;0;0;0;0;0;0;6,04;0;0;0;0;0;0;0;0;0;0;0;0;0;0;0;0;0;0;0;0;0;0;0;0;0;0;0;0;0;0;0;0;0;3,07;0;0;0;0;0;0;0;0;0;0;0;0;0;0;0;2,98;0;0;0;3,09;0;0;0;0;0;0;0;0;0;0;0;0;0;0;0;0;3,21;0;0;0;0;0;0;0;0;0;0;0;0;0;0;0;3,09;0;0;0;0;0;0;0;0;25,4;0;6,11;0;0;0;0;0;0;0;0;0;0;0;2,85;0;0;0;0;0;0;0;53,39;0;0;0;0;0;0;0;0;0;9,14;2,85;0;3,31;0;12,43;0;0;0;0;0;0;0;0;0;0;31,8;0;0;0;0;0;0;0;3,03;0;0;0;0;0;0;0;0;0;0;0;0;0;0;0;0;0;3,04;0;0;2,85;3,25;0;0;0;2,93;3,07;0;0;0;0;0;0;0;0;0;0;0;0;0;0;0;0;0;6,13;0;0;0;0;0;0;0;0;0;0;0;0;6,1;12,66;0;0;0;2,9;0;0;0;0;3,13;3,23;6,55;0;0;0;3,25;0;0;0;3,32;0;0;0;0;0;0;0;0;3,02;0;0;0;0;0;0;0;0;0;0;0;0;0;0;0;0;0;0;0;0;0;0;0;0;3,08;0;0;6,51;0;0;0;0;0;0;0;0;0;0;0;0;0;0;0;0
"5149";0;0;0;8,82;12,81;0;0;0;0;0;0;0;0;0;0;0;0;0;0;0;3,92;0;0;0;0;0;0;0;0;0;0;0;0;4,21;0;0;0;0;0;0;0;0;0;0;0;0;0;0;0;0;0;4,25;12,83;0;0;0;0;0;0;0;0;0;0;0;0;0;0;0;0;0;0;0;0;0;0;0;4,4;0;0;0;8,76;0;0;4,08;21,32;0;0;0;4,34;0;0;0;0;0;0;0;0;0;0;0;4,22;4,13;0;0;0;0;0;0;0;0;0;0;0;0;0;0;0;0;0;3,98;0;0;0;0;0;0;0;0;0;0;0;0;0;0;0;4,26;0;0;0;0;34,95;0;0;0;0;0;0;0;0;0;0;0;0;0;4,03;0;0;0;0;0;0;0;16,42;0;4,43;0;0;0;0;0;0;0;8,54;0;0;0;0;0;0;0;0;0;0;4,19;0;0;0;0;8,21;0;0;0;0;0;0;0;0;0;0;0;0;0;0;0;0;0;0;0;0;0;0;0;16,48;0;0;0;0;0;0;0;0;0;4,13;0;0;4,2;0;0;0;0;0;4,35;0;0;0;0;0;0;0;0;0;0;0;0;0;0;0;0;0;0;0;0;0;0;0;16,78;0;8,29;0;0;0;0;0;0;4,21;8,24;0;0;0;0;0;0;0;0;0;0;0;0;0;0;0;4,21;0;0;0;0;0;0;0;0;0;0;4,53;0;0;0;0;0;0;4,28;0;0;0;0;0;0;4,13;0;0;0;0;0;0;0;0;0;0;0;0;0;0;0;0;0;0;0;0;4,07
"6379";0;2,45;2,54;0;10,36;0;0;0;2,65;0;0;0;0;0;0;0;0;0;0;0;0;0;0;0;0;0;0;0;0;0;0;0;0;0;0;0;0;0;2,59;7,54;0;0;0;0;0;0;0;0;0;0;0;0;34,1;0;0;0;0;0;0;0;0;0;0;0;2,66;0;0;0;0;0;0;0;0;0;0;0;0;0;0;0;0;0;0;0;0;0;0;0;0;0;0;0;0;0;0;0;0;0;0;0;0;0;0;0;0;0;0;0;0;0;0;0;0;0;0;0;0;0;0;0;0;0;0;0;0;0;2,77;2,51;0;0;0;0;0;0;0;5,4;0;0;0;0;56,55;0;0;0;0;0;13,37;2,61;0;0;0;0;0;0;0;0;0;0;0;0;0;0;23,54;0;0;0;0;0;0;0;0;0;3,09;0;0;0;0;0;0;0;0;0;0;0;0;0;2,55;5,23;10,15;2,53;0;0;0;0;0;0;0;0;0;0;0;0;0;0;0;0;0;0;0;0;2,86;0;0;0;5,24;0;0;0;0;0;0;0;0;2,78;0;0;0;0;0;0;0;2,59;0;0;0;0;0;0;0;0;0;0;0;0;0;0;0;0;2,46;0;0;0;0;0;0;20,95;0;0;0;0;0;0;2,62;2,5;5,46;0;0;0;0;0;5,22;0;0;10,99;5,54;0;0;0;0;0;0;0;0;0;0;0;0;0;0;0;0;0;0;0;0;0;0;5,3;0;2,63;0;0;0;0;0;0;2,67;0;0;0;0;0;0;0;0;0;0;0;0;0;0;0;0;0;0;0;0;0
"6869";0;0;5,17;0;7,23;0;0;0;0;0;0;0;0;0;0;0;0;0;0;0;0;4,65;2,29;0;2,39;0;0;0;0;0;0;0;0;0;0;0;0;0;4,66;26,19;0;0;0;2,47;2,4;0;0;0;0;0;0;2,24;22,02;0;0;0;0;0;0;0;0;0;0;0;0;0;0;2,4;0;0;0;0;0;0;0;0;0;0;0;0;0;0;0;0;0;0;0;0;0;0;0;0;0;0;0;0;0;0;0;0;0;0;0;0;0;0;0;0;0;0;0;0;0;0;0;0;0;0;0;0;0;0;0;0;0;2,43;4,63;0;0;0;0;0;2,6;0;0;12,58;0;0;0;0;22,13;0;2,33;0;0;0;2,61;0;0;0;0;0;0;0;0;0;0;0;0;0;0;0;29,25;0;2,47;0;0;0;0;7,16;0;0;0;0;0;4,88;0;0;0;0;0;0;0;0;0;0;0;0;2,62;0;0;0;0;0;0;0;0;0;0;0;0;0;0;0;0;0;0;0;0;0;2,41;2,28;0;0;12,03;0;0;4,46;0;0;0;0;0;0;0;0;0;0;0;0;0;2,3;0;0;0;0;0;0;0;0;2,28;0;0;0;0;0;0;0;0;0;0;0;0;2,55;0;22,36;2,3;0;0;0;0;0;0;0;5,38;0;0;0;0;0;4,87;0;0;11,87;2,54;0;0;0;0;0;0;2,64;0;0;2,42;0;0;0;0;0;0;0;4,75;0;0;0;0;0;0;2,63;0;0;0;0;0;0;0;0;0;0;0;0;0;0;2,89;0;0;0;0;0;0;0;0;0;0;2,24;0;0
"7558";0;0;0;0;0;0;0;0;0;0;0;0;0;0;0;0;0;0;0;0;0;0;0;0;0;0;0;0;0;0;0;0;0;0;0;0;0;0;0;18,53;0;0;0;8,86;0;0;0;8,67;0;0;0;18,17;36,3;0;0;0;0;0;0;0;0;0;0;0;0;0;0;9,19;0;0;0;0;9,48;0;0;0;0;0;0;0;0;0;0;0;0;0;0;0;0;0;0;0;0;0;9,09;0;0;0;0;0;0;0;0;0;0;0;0;0;0;0;0;0;0;0;0;0;0;0;0;0;0;0;0;0;0;0;0;0;0;0;0;0;17,79;0;0;0;0;0;0;0;9,67;0;0;0;0;0;0;0;0;0;0;0;0;0;0;0;0;0;0;0;0;0;27,75;0;0;0;0;0;0;0;0;0;0;0;0;0;0;0;0;0;0;0;0;0;0;9,55;0;0;0;0;0;0;0;0;0;0;0;0;0;0;0;0;0;8,76;0;0;0;0;0;0;0;0;0;0;0;0;0;0;0;0;0;0;0;0;0;0;0;0;0;0;0;0;0;0;0;0;0;0;0;0;9,32;0;0;0;0;0;0;0;0;0;0;0;0;0;0;8,97;9,15;0;0;0;0;0;0;18,99;0;0;0;9,09;0;0;0;0;0;8,96;18,71;0;0;0;0;0;0;0;0;0;0;0;0;0;0;0;0;0;0;0;0;0;0;0;0;0;0;0;0;0;0;0;0;0;0;0;0;0;0;0;0;0;0;0;0;0;0;0;0;0;0;0;0;0
"7569";0;0;0;0;5,63;0;0;3,14;2,56;0;0;2,97;0;0;0;0;0;0;0;0;0;2,85;0;0;0;2,93;0;0;0;0;0;0;0;0;0;0;0;0;3,1;11,1;0;0;0;0;0;0;0;5,52;0;0;0;8,73;28,98;0;0;0;0;0;0;0;0;0;0;0;0;3;0;0;0;0;0;0;0;0;0;0;0;0;0;0;0;0;0;0;0;0;0;0;0;0;0;0;0;0;0;0;0;0;2,85;0;0;0;0;0;0;0;0;0;0;0;0;0;0;0;0;0;0;0;0;0;0;0;0;0;3,16;0;0;0;0;0;0;0;0;0;0;3,13;0;0;0;0;18,99;0;8,44;0;0;0;2,67;0;0;0;0;0;0;0;0;0;0;0;0;0;0;2,81;24,98;0;5,68;0;0;0;0;0;3,13;2,96;8,53;0;0;11,16;0;0;0;0;0;0;0;0;0;0;5,65;0;5,73;0;0;0;2,74;0;0;0;0;0;0;0;0;0;0;0;0;0;0;0;0;0;0;3,06;0;0;2,99;0;0;2,95;0;0;0;0;0;0;0;0;0;0;0;0;0;2,67;0;0;0;0;0;2,42;0;0;5,66;0;0;0;0;0;0;0;0;0;0;0;0;0;0;14,1;2,96;3,02;0;0;0;0;0;5,46;8,59;0;5,19;0;0;0;2,73;0;0;0;5,7;2,92;0;0;0;0;0;0;0;0;5,56;0;0;0;0;0;2,97;0;0;0;0;0;0;0;0;0;0;0;0;0;0;0;0;0;0;0;0;0;0;0;0;0;0;0;0;0;0;0;0;0;0;2,93;0;0
"8491";2,82;0;1,47;1,44;1,36;1,47;0;0;0;0;0;0;0;0;0;0;0;0;0;1,24;0;2,65;0;0;0;1,25;0;0;0;0;0;0;0;1,31;0;1,31;0;0;0;0;0;0;0;0;0;0;0;1,38;0;0;0;1,12;33,7;0;0;0;0;0;0;0;0;0;0;0;0;0;0;0;0;0;0;0;0;0;0;0;0;0;1,33;0;0;0;0;0;0;0;0;0;0;0;1,49;0;2,69;0;1,32;0;0;1,64;0;0;0;0;0;0;0;0;0;0;0;0;0;0;0;1,34;0;0;0;0;0;0;0;0;0;0;1,19;0;0;0;0;0;0;0;0;0;0;2,94;0;0;0;1,45;24,01;0;1,5;0;0;0;21,08;1,43;0;1,43;0;0;0;0;0;0;0;0;0;0;0;0;53,06;0;5,19;0;0;0;0;0;1,53;0;2,87;0;0;0;0;2,69;5,59;0;0;0;1,42;0;0;0;0;2,54;1,25;1,57;0;0;0;1,49;0;0;0;0;0;1,65;0;0;0;0;0;0;0;1,37;1,43;0;0;0;0;0;14,36;0;0;0;1,42;0;1,5;0;2,8;1,42;0;0;0;0;0;0;0;0;0;0;0;0;0;0;2,89;0;5,41;0;0;0;0;0;2,76;0;0;0;0;0;0;0;0;8,15;1,34;0;0;0;0;0;0;0;4;0;3,89;0;0;0;0;0;0;11,16;6,92;1,5;0;0;0;0;0;0;0;0;0;0;0;0;0;0;0;0;0;0;0;0;0;0;0;0;0;0;0;0;1,32;0;0;0;0;0;0;0;0;0;1,65;0;0;0;0;0;0;0;0;0;0;0;0;1,5
"9157";0;3,17;0;0;7,22;0;0;0;0;0;0;0;0;0;0;0;0;0;0;1,05;3,06;0;0;0;0;1,14;0;0;0;0;0;0;0;0;0;1,07;0;0;5,76;0;0;0;0;1,02;0;0;0;0;0;0;0;3,85;14,1;0;0;0;0;0;0;0;0;0;0;0;0;2,13;0;0;0;1,05;0;0;0;0;0;0;0;0;0;0;1,06;1,1;0;0;0;0;0;1,09;0;0;0;0;0;0;3,99;0;0;0;0;0;1,92;1,17;0;0;0;0;0;0;0;0;0;0;0,94;0;0;0;0;0;0;0;0;0;0;0;0;0;1,99;0;0;0;0;0;0;0;0;0;0;0;0;0;22,14;0;1,02;0;1,06;0;3,91;0;0;0;0;0;0;0;0;0;0;0,76;0;0;0;0;55,47;0;9,13;0;0;1,96;0;0;0,98;0;11,2;0;2,24;1,06;1;0;1,02;0;0;0;0,79;0;0;0;0;0;2,78;2,18;0,91;0;0;1,05;0;0;1,11;0;0;0,97;0;0;0,93;0;0;0;0;0;0;0;0;0;0;0;13,93;0;0;1,17;0;0;0;0,74;3,88;1,96;0;0;0;0;0;1,11;0;0;0;0,82;3,08;1,93;1,62;14,32;0;0;1,06;0;0;0;1,01;0;0;0;0;0;0;0;0;0;0;10,96;1,17;0;0;0;0;0;0;0,85;5,03;0;2,69;0;0;0;0,95;0;0;6,92;0,95;1;0;0;0;0;0;0;0;1,26;0;0;0;0;0;0;0;0;0;0;0;0;1,03;0;2,07;0,89;0;0;0;0;0;0;0;0;0;0;0;0;0;0;5,08;0;0,84;0;0;0;0,97;1,92;0;0;1,21;0;0;1,03
"9805";0;0;3,32;1,91;5,04;0;0;2,21;0;0;0;0;0;0;0;0;0;0;0;0;2,15;0,9;0,84;0;0;3,13;0;0;0;0;0;0;0;0;0;0,87;1,03;1,05;3,06;0;0;0;0;0,91;1,85;0;0;3,02;0;0;0;1,91;17,22;0;1;0;0;0;0;0;0;0;0;0;0;0;0;0;0;0;0;0;0;0;0;0;0;0;0;0;0;1,94;0;0;0;0;0;0;1,13;0,96;0;0;0;0;2,16;0;0;0;0,96;0;3,06;0,94;0;1,16;0;0;0;0;0;0;0,92;0;0;0;0;0;0;0;0;0;0;0,97;0;0;0;1,04;0;0;0;0;0;1,16;0,82;1,26;0;0,97;0;0;0;1,03;17,58;0;1,86;0;0;0;1,98;1;0;0;0;1,9;9,46;5,83;0,88;0;0;0;0;0;0;0,91;24,44;0;2,04;0;0;0;1,04;0;1,04;0;18,84;0;0;2,17;0,83;0,92;0;0;0;0;0;0;0;0;0;0;4;1,02;0;0;0;0;0;0,95;3,04;0;0;1,9;0;0;1,09;0;0;0;0;1,85;0;0;0,87;0;0;0;13,34;0,88;0;0,97;1,02;0;0;0;7,32;0;0;0;0;0;3,19;1,11;0;0;0;0;0;0;0;1;0;0;1,04;0;0;0;0;0;0;0;0;0;0;0;0;0;1,01;32,75;0,95;0;0;1,01;0,95;0;0;0;5,89;0;0;0;0;0;0;0;0;4,88;0,75;0;0;0;0;0;0;2,12;0,86;0;0,96;0;0;0;0;0;0;0;0;0;1,05;0;0;1,08;0;4,64;0;0;0;0;0;0;0,91;0;0;0;0;0;0;0;1,98;0;0;0;0;0;0;0;0;0;1,93;1,07;0;1
"10086";0;0;1,02;0;5,16;1,08;1,01;0,97;0;5,13;0;1,12;0;0;0;0;0;1;0;0;2;0;0;0;3,65;1,02;0;0;0;0;1,99;0,88;0;0,91;0;1,06;3,78;0;2,08;0;0;0;0;0;1,04;0;0;0,84;0;0;0;2,01;10,56;0;0;0;0;0;0;0;0,82;4,97;0;0;0;0;1,87;0;2,92;0;0;0;0;0;0;0;0;0,96;0,98;0;2,82;0;0,95;1,81;0;0;0;0;0,96;0;0;0;0;0;2,08;0;0;0;0,94;0;2,82;0;0;0;0;0;0;0;0;0;0;1,91;0;0;0;0;0;0;0;0;0;0;0;0;0;0;1,05;2;0;0;0;1,07;0;0;0;1;0;0;0;0;20,47;1,11;3,14;0;0;0;6,09;3;0;0;0;0;0;0;0;0;0;0;0;0;0;0;44,48;0;0,91;0;0;0,95;0;0;1;0;9,63;0;0;3,73;0,97;0;0;0;0;0;0;0;0;0;0;0;3,02;0,95;0;0;0;0;0;0;2,95;0;0;0,98;0;0;0;3,22;0;0;0;0;0;0;1,14;0;0,97;0;4,91;0;0;0;0,99;0;0;1,82;4,85;2,99;0;0;0;0;0;0;0;0;0;0;0;0;0;0;0;0;4,24;0;0;0;0;0;0;0;0;0;0;0;0;0;0;21,53;0;0;0;0;0;0;0;1,16;1,99;0;1,01;0;0;1,01;2,81;0;0;4,72;8,9;0;0;0;0;0;0;0,98;0,91;0;0;0,95;0;0;0;0;0;0,97;0;0;0;1,06;5,36;0;0;0;0;0;0;0;3,02;0;0;0;0;0;1;0;0;0;0,91;0;0;0;0;0;0;0;2,73;1,96;1,03;1,09;0;1,15
"10402";0;0;0;0,45;1,32;0;0;0;0,84;0,97;0;1,3;0,43;0,39;0;0;0;0;0;0;0;0;0;0;0;1,43;0,41;0;0;0,37;0;0;0;0,5;0;0;0,5;0;0,44;0;0;0,4;0;0;0;0;0;1,69;0;0;0,4;2,31;0;0;0;0,48;0;0;0;0;0;0;0;0;0;0;0;0;0;1,08;0;0;0;0;0;0;0;0;0;0;0;0;0;0;0;0;0;0,46;0;0;0;0;0;0;1,62;0;0;2,3;0,4;0;0,48;0;0;0;0;0;0;0;0;0;0;0;0;0;0;0;0;0;0;0;0;0;0;0;0;0,95;0;0;0;0;0;0,38;0;0;0;17,26;0;0;0;0;3,89;0;0;0;0;0;0;0;0;0;0;0,44;13,5;2,86;0;0;0,4;0;0;0;0;0;82,08;0;17,75;0;0;0,9;0;0;1,85;0;51,08;0;0;0;0;0;0;0,46;0;1,35;2,26;0;0;0;0;0;0,89;0;0;0,41;0;0;0;0;0;0;0;0;0;0;0;0,48;0;0;0;0;0,32;0;0,85;1,68;0;0;19,74;0;0,49;0;0;0;0,75;0;1,7;0,48;0;0;4,24;0;0;0;0;0,34;0;0;0;0;0;0;0;0;0;0;0;0;0;0;0;0;0;0;0,86;0;0;0;0;0;0;0;0;0;0;0;0;0;2,35;0;0;0;0;0;0,41;0;0,24;11,94;0,38;0;0;0;0;0;0;0;0;0;0;0;0;0;0;0;0;0;0;0,45;0;0;0;1,82;0;0;0;0;0;0;0;0;0;0;0;0;0,39;0,95;0,81;0;0;0;1,79;0;0;0;0;0;0,43;0;0;1,43;0;0
"11508";0;0;0;2,67;9,78;0;0;0;0;0;0;0;0;0;0;0;0;0;0;0;0;0;0;0;0;0;0;0;0;0;0;0;0;0;0;2,36;0;0;9,91;0;0;0;0;0;2,67;0;0;0;0;2,23;0;2,48;7,57;0;0;0;0;0;0;0;0;0;0;0;0;0;0;0;0;0;0;0;0;0;0;0;0;0;0;0;0;0;0;0;2,29;0;2,47;0;0;0;0;0;0;0;2,37;0;0;0;0;2,53;5,06;0;0;0;0;0;0;0;0;0;0;0;0;0;0;0;0;0;0;0;0;0;0;0;0;0;2,41;0;0;0;0;0;0;0;0;2,29;0;0;0;2,39;28,51;0;0;0;0;0;2,57;2,38;0;0;0;0;0;0;0;0;0;0;0;0;0;0;41,14;0;11,68;0;0;0;2,21;0;0;0;12,38;4,71;0;6,71;0;0;0;0;0;2,52;0;0;0;0;0;2,38;2,51;2,71;0;0;0;0;0;0;6,86;0;0;0;0;0;0;0;0;0;0;0;0;0;0;0;0;0;4,77;0;0;0;0;0;0;0;2,52;2,32;0;0;0;0;0;0;0;0;0;0;0;0;0;7,24;0;0;0;0;0;0;0;0;0;0;0;0;0;0;0;0;0;7,77;0;0;0;0;0;0;0;0;0;0;0;0;0;0;2,31;0;0;9,99;2,53;0;0;0;0;0;0;0;0;5,07;4,75;0;0;0;2,27;0;0;0;0;0;0;0;0;0;0;9,42;0;0;0;0;0;0;0;0;0;0;0;0;0;21,11;0;0;0;0;0;0;0;0;0;0;0;0;0;2,18
"11769";0;0;0;1,38;3,93;0;0;0,61;2,64;0,61;0;6,08;0;0;0;0;0;0;0;0;1,23;0;0;0;0;2,8;0,59;0,58;0;0,58;1,27;0;0;0;0;3,17;1,66;0;1,3;0;0,73;0,56;0;0;0,62;0;0;5,89;0;0;0;4,28;0;0;0;0;0;0;0;1,25;0;0;0;0;0;0,53;0;0,69;0;0;0;0;0;0;0;0;0;0;0;0;0;0;0;0,53;2,07;0;0;2,07;0;0;0,72;1,36;2,12;0;0;0,7;0;0;0;0,67;1,19;0;0;0;0,63;0;0;0;0;0;0;1,21;0;0;0;0;0;0;0;0,65;0;0;0;0;0;0,61;0;0;0,6;0,68;0;0;0;0;0;0,61;0;0,61;0;0;1,33;0;0;0,61;0;0,58;1,19;0;0;0;0;0,73;17,14;11,27;0;0;0;0;0;1,45;0;0,81;25,72;0;5,48;0,64;0;0;0;0,5;6,52;0,68;39,25;0,56;0,61;0;0;0;0;0;0;2,46;0,54;0;0;0;0;0;0;0;0,53;0;0;0;0,64;0;0;0;0;0;0;0;2,48;3,48;0;0;0;0;0;0;1,2;0;0;0;2,63;0;0;0;0;0;0;0,59;3,08;1,71;0,67;0;1,67;0;0;0,64;0,62;0;1,27;0;9,27;0,64;4,03;11,7;0;0;0;0;0;0;0;0;0,67;0;0;0;9,46;0,63;0;0;0;0;0;0;0;0;0;0;0;0;0,67;0;0;1,34;0;0;1,98;0;0;7,47;0;0;0;0;0;0;0,68;0;0;0;0;0,66;0;0;0,53;0;0;0;0;0;0,58;1,3;0;5,34;0;9,28;0,74;0;1,24;0;0;4,31;0;0;0;0;0;0;0;0;0;0;0;0;0;0;0;0;0;0;0,72;1,85;0;0,62
"12977";0,9;0;2,52;4,76;14,48;0;0;0;0,93;3;0;2,06;0;0;0;0;0;0;0;0;0;0;0;0;0,96;0;0;0;1,9;1,93;0;0;0;0;0;6,37;4,57;0,78;4,08;0;0;0;0;0;1,01;0;0;1,79;0;0,78;0;6,01;0;0;0;0;0;0;0,7;0;0;0,92;0;0;0,87;0;0;0,9;0,78;0;0;0;0;0;0;0;0;0;0;0;0;0;0;0;0,93;0;0;0;0;0;0;0;0;0;2,68;0;0;0;0;0;0,81;0;0;0;0;0;0;0;0;0;0;0;0;0;0;0;0;0;0;0;0;0;0;0;0;1,94;0,83;0;0;0;1,74;2,9;0;0;0;0;0;0;0;0;8,81;0;1,74;0,98;0;0;1,84;1,64;0;0;0;0,84;29,72;5,85;0;0,92;0;0;0;0,97;0;0;37,34;0;2,84;0;0;0;0;0;0;0,83;13,6;0;0,82;1,78;0;0,93;0;0;0;0;0,87;0;0,71;0;0;0;7,91;2,54;0;0;0;0,94;0;0;1,86;1,01;0;0;0;5,49;0;1,93;0;0;0;0;0;0;0;0;0;0;6,9;0;0;1,06;0;0;0;4,88;4,01;0,97;0;0;0;0;0,78;0;0;0;0;0;0;0;0;0;0;0;0,79;0;0;0;0;0,94;0;0;0;0;0,96;0;0;0;0,91;4,59;0,88;0;0;0;4,54;0;0;0;2,05;0;1,59;0;0;0;0,88;0;0;3,91;0,96;0;0;0;0,81;0;0;0;0;0;0;0;0;0;0;0,88;0;0;1,03;0;0;0;0;0,83;1,86;8,78;0;0;0;0;3,46;0;0;0;0;0;0;0;0;0,75;0,89;0;0;0;0,84;0;0;0;1,06;0;0;1,88;0,79;0
"13553";0;0;0,91;0,96;6,45;0;0;0;0;1,74;0;0;0;0;0;0;0;0,77;0;0;0;0;0;0;0;0;1,02;0;0;0;0;0;0;0;0;1,78;7,52;3,93;2,93;0;0;0;0;0;0;0;0;4,9;0;0;0;9,15;0;0;0;0;0;0;0,95;0;0;0;0;0;0;0;0,83;3,09;3,12;0;0,8;0;0;0;0;0;0;0;0;0;0;0;0;1,75;0;0;0;0;0;0;0;0;0;0;1,93;0;0;0;0;1;1,01;0;0;0;0;0;0;2,77;0;0;0,92;0;0;0;0;0;0;0;0;0;0;0;0;0;8,61;0;0;0;0;0;0,89;1,75;0;2,84;0;1,93;0;0;0;0;10,3;0;6,49;0;0;0;3,59;0;0;0;0;0;0;0;0;0;0;0;0;0;0;0,85;39,65;0;4,98;0;0;0;1,95;0;6,61;2,96;48,43;1,91;2,62;1,9;0;0;0;0;0;1,82;0;0;0;0;0;0;1;0;0;0;0,85;0;0;0;0,86;0;0,94;0;0;0;3,87;3,76;0,96;1,03;0;0;0;0,87;0,94;1,1;0;0;5,68;0;0;3,55;0;0;0;0;0;0;0;0;0,87;0;0;0;0;0;0;0;0;0;2,66;2,7;0;0;0;0;0;0;0;0;0;0;0,86;0;0;0;0;0;0;1,68;0;0;0;0;0,94;0;0;1,81;1,7;0;0;0;0;0;4,66;0,93;0;4,08;2,65;0;0;0;0;0;0,87;0;0;0;0;0;0;0;1,56;0;1,03;0;0;0;0;0;0;2,75;0;2,84;0;0;1;0;0,97;0;0;0;0;0;0;0,9;0;0;1,82;0;0;0;0;0;0;0;0;0;0;0;0;0
"13743";0;0;2,62;0;5,41;0;0;0;0;0;0;2,71;0;0;0;0;0;2,64;0;0;0;0;0;0;0;0;0;0;2,64;0;0;0;2,99;0;0;5,32;0;0;2,56;0;0;2,81;0;0;0;0;0;0;0;0;0;21,6;0;0;0;0;0;0;0;0;0;0;0;0;0;0;0;0;0;2,57;0;0;0;2,85;0;0;0;0;0;0;0;0;0;0;0;0;0;0;0;0;0;0;0;0;0;2,77;0;0;0;0;5,33;0;0;0;0;0;0;0;0;0;0;0;0;0;0;0;0;0;0;0;0;0;0;0;2,77;0;0;0;0;0;0;0;0;0;0;0;0;0;0;0;34,61;0;0;0;0;0;2,42;0;0;0;0;0;0;0;0;0;0;0;0;0;0;0;24,55;0;2,94;0;0;0;0;0;5,08;0;69,96;0;2,47;0;0;0;0;0;0;0;0;0;0;0;0;0;5,61;0;0;0;0;0;0;0;2,87;0;0;0;0;0;0;0;0;0;0;0;0;0;8,33;0;0;0;0;0;0;3,14;0;0;0;0;0;7,92;0;0;0;0;2,84;0;0;0;0;0;0;0;0;0;0;0;0;0;0;0;0;0;0;0;0;0;0;0;0;0;0;2,86;0;0;0;0;2,59;0;0;0;10,49;0;0;0;0;0;2,77;0;0;0;0;0;0;0;0;0;0;0;0;0;0;0;0;0;0;0;0;0;0;0;0;0;0;0;0;2,57;0;0;0;0;2,71;0;0;0;0;0;0;2,8;0;5,15;0;0;0;0;0;0;0;0;0;0;0;0;0;2,73
"13956";0;0;0;2,64;8,72;0;0;1,13;0;0;0;1,2;0;0;0;0;0;0;0;0;0;0;0;0;1,27;0;0;0;4,57;0;0;0;0;0;0;1,4;1,47;0;2,53;0;0;0;0;0;0;0;0;1,07;0;0;0;6,3;0;0;0;0;0;0;0;0;0;0;0;0;0;0;0;1,1;0;0;0;1,34;0;0;0;0;0;0;0;0;0;0;0;0;0;0;0;1,12;0;0;1,25;0;0;0;1,31;2,45;0;0;0;2,66;0;0;0;0;1,42;0;0;0;0;0;1,37;1,37;0;0;0;0;0;0;0;0;0;0;0;2,14;0;0;0;0;0;0;0;2,39;1,09;0;0;0;0;0;0;0;34,54;0;2,65;0;0;0;7,87;1,31;0;1,25;0;0;0;0;0;0;0;0;0;0;0;0;26,97;0;1,36;0;0;0;1,23;0;22,4;2,44;25,71;0;0;0;0;0;0;0;0;0;0;0;0;0;0;0;2,56;0;1,24;0;0;1,05;0;0;1,32;0;1,29;0;0;0;0;2,91;0;0;0;0;0;0;11,65;1,25;1,27;0;7,24;1,39;0;2,39;0;0;0;0;1,28;6,4;0;0;1,25;0;3,03;0;0;0;0;0;1,1;0;0;0;0;0;1,35;0;0;0;1,25;0;0;0;0;0;2,85;0;0;0;0;3,83;1,48;0;0;0;0;0;0;1,36;6,57;0;0;0;0;0;4,04;0;0;7,82;4,13;2,45;0;0;0;0;0;1,23;0;0;0;0;0;0;1,42;0;0;0;0;0;0;0;0;0;0;1,59;0;0;0;0;1,38;0;0;0;0;0;0;0;0;0;0;1,5;0;1,09;0;0;0;0;0;0;0;0;0;0
"13959";0;0;2,2;2,47;4,86;0;0;0;0;0;0;2,43;0;0;2,32;0;0;0;0;0;0;0;0;0;0;0;0;0;9,65;0;0;0;0;0;0;2,43;0;0;4,74;0;0;0;0;0;0;0;0;0;0;0;0;11,13;0;0;0;0;0;0;0;0;0;0;0;0;2,03;0;0;0;0;0;0;0;0;0;0;0;0;0;0;0;0;0;0;0;0;0;0;0;0;0;2,52;0;0;0;0;0;4,84;0;0;0;0;0;0;0;0;0;0;0;0;0;2,34;0;0;0;0;2,39;0;0;0;0;0;0;0;0;0;0;0;0;0;0;0;0;0;0;0;0;0;0;0;2,43;37,84;0;0;0;0;0;0;0;0;0;0;0;0;0;0;0;0;2,17;0;2,28;0;0;35,15;0;2,5;0;0;0;0;0;13,89;0;22,68;0;0;0;0;0;0;0;0;0;2,37;0;0;0;0;0;2,23;0;0;0;0;0;0;0;2,1;0;0;0;0;4,66;4,35;0;4,87;0;0;0;0;0;11,91;4,81;0;0;11,72;0;0;0;0;0;0;0;9,69;4,76;0;0;0;0;0;0;0;0;0;0;0;0;0;0;0;0;0;0;2,51;0;0;0;0;0;0;0;0;0;0;0;0;2,55;0;0;0;0;0;0;0;4,81;4,87;0;0;0;0;0;4,78;0;0;4,72;9,43;0;0;0;0;0;0;0;0;0;0;0;0;0;0;0;0;0;0;0;0;0;0;0;0;2,57;0;0;0;0;0;0;0;0;0;0;0;0;0;0;0;0;0;0;0;0;0;0;0;0;0;0;0;0
"14320";0;0;0,31;0;1,91;0;0,32;0;2,59;0,8;0;1,02;0;0;0;0;0;0;0,38;0,31;0,77;0;0;0;0;1,75;0;0,4;0;0;0;0;0;0,3;0;1,56;2,6;0,35;1,28;0;0;0;0;0;0;0;0;0,73;0;0;0;2,46;0;0,26;0;0;0;0;0;0;0;0,27;0;0;0;0;0;0,42;0;0;0;0;0;0;0;0;0;0,33;0;0;0;0;0,38;0;0;0;0;0,73;0;0;0;0;0;0;1,03;0,45;0;0,31;0,68;0;0;0;0;0;0;0;0;1,13;0,28;0;0;0;0;0;0;0;0;0;0;0,42;0;0;0;0;0,43;0;0;0,35;0;0;0;0;0,65;0,36;0;0;0;0,34;0,56;0;2,11;0,39;0,29;0,3;0;0,33;0,42;0,29;0;0,37;0;0,38;11,67;3,25;0;0,31;0;0;0;0,41;0;0;12,41;0;0,62;0,35;0;0;0;0;5,5;2,24;153,59;0;3,11;0,25;0;0;0;0,31;0;1,13;0;0;0;0;0;0;0;0;0;0;0;0;0,32;0,36;1,18;0;0;0;0;0,32;0;1,76;0;0;0;0;0;0;1,83;1,79;0;0,37;2,77;0;0;0;0,46;0;0;0,65;1,9;3,41;0;0;0;0;0;0,89;0;0,75;0,35;0;0,57;0;0,39;2,1;0;0;0;0;0;0;0;0,63;0;0,4;0;0;1,43;0;0;0,85;0;0;0;0,94;0;0;0;0;0;0,35;0,28;0;0,33;0;0;0,71;1,17;0;0;2,63;0,21;0;0;0;0;0;0;1,6;0;0;0;1,82;0;0;0;0;0;0;0;0;0,78;0,33;0;3,53;0;1,5;0;0;0;0;0;0,28;0;0;0;0;0;0;0,42;0;0;0;0;0;0;0;0;0,42;0;0;0;2,97;0;0
"14667";0;0;6,72;1,93;10,6;1,98;0;0;2,13;0;0;0;0;0;0;0;0;0;3,96;0;0;0;0;0;1,99;0;0;0;0;0;0;0;0;1,92;0;0;0;0;0;0;0;0;0;0;0;0;0;2,01;0;0;0;1,99;0;0;0;0;0;0;0;0;0;0;0;0;0;0;0;0;0;0;0;0;0;0;0;0;0;0;0;0;0;0;0;2,16;0;0;0;0;0;0;1,99;0;2,1;0;1,95;0;0;0;0;0;1,92;0;0;0;0;0;0;0;0;0;0;0;0;0;0;0;0;0;0;0;0;0;0;0;4,17;0;0;0;0;0;2,09;0;0;2,02;0;7,54;0;0;0;0;8,03;0;0;0;0;0;2,15;2,09;0;0;1,8;0;0;0;1,89;0;0;0;0;0;2;0;31,47;0;2,12;0;2,15;0;0;0;7,72;1,96;59,04;0;2,18;0;0;0;0;0;0;0;0;0;0;0;0;0;0;0;0;2,01;0;0;0;0;0;1,99;0;0;0;0;0;2,2;0;1,79;0;0;0;0;12,27;6,21;0;0;6,46;0;0;0;0;0;0;0;8,45;7,98;0;0;0;0;0;0;0;0;0;0;0;0;0;0;0;0;2,01;2,01;0;0;0;0;0;0;0;2,14;0;0;0;0;0;2,05;0;0;0;0;2,15;0;0;0;2,01;0;0;0;0;0;5,82;0;0;2,11;5,49;0;2,07;0;0;0;0;2,06;0;0;0;0;0;0;0;2,21;0;0;1,84;0;0;0;0;1,89;0;0;1,86;0;0;0;0;0;0;0;0;0;0;0;0;0;0;0;0;0;0;0;0;0;0;0;0;2,15;0;0
"15125";0;0;0;0,23;1,68;0,27;0,13;0;0,37;0,54;0;0,55;0;2,74;0;0;0;0;0;0;0,46;0;0,29;0;0;4,42;0,36;0;0;0;0,15;0;0;0,2;0,19;1,16;0,54;0;0,37;0;0;0;0;0;0;0;0;0,81;0;0;0;0,28;0;0;0,17;0;0;0;0;0;0;0;0;0,16;0;0;0;0;0;0;0,17;0,16;0;0;0;0;0,19;0;0,23;0;0;0,21;0;0,2;0,25;0;0,18;0,08;0;0;0;0,18;0;0;0;0;0;0,39;0;0;0,23;0;0;0;0;0;0,26;0;0;0;0;0;0;0;0;0,52;0,24;0;0,19;0,21;0,71;0;0;0;1,72;0,19;0;0,2;0;0,4;0;0;0;0;0;0,64;0;0;0;0;0,23;0;0,26;0;0;0;31,83;4,91;0,23;0;0;0,38;2,54;1,87;0,24;0,11;0;0,23;0;0,17;0;0;70,4;0,13;1,35;0;0;0,23;0;0,21;0,34;0,16;7,37;0;0;0,16;0;0;0;0;0;0,83;0,14;0;0;0;0;0;0,42;0;0;0;0;10,02;0;0;0;0;0;0;0,73;0;0;0,21;0;0;0;0;0;0;6,05;1,68;0,16;0;4,68;0;0;0;0,25;0;0;0,17;0,42;0,37;0;0;0;0;0;0;0;0;0,21;0;3,43;0,69;5,76;10,42;0;0;0,16;0;0;0;0;0;0;0;0;0;0,2;0,17;0,32;0;0,1;0,19;0;0;0;0;0;0;0;0;3,31;0;0,25;0,3;0;0;0,19;0;0;44,22;21,3;0;0;0;0;0;0;0,22;0;0;0;0,31;0,26;0,27;0;0;0;0;0,32;0;0,23;0,22;0,29;1,52;0;1,93;0;0;0,17;0;0;1,08;0;0,94;0;0;0,23;0,23;0,14;0;0;0;1,03;0;0,17;0;0;0;0;0;0;0,42;0,5;0
"15596";0;0;0;0;12,03;0;0;0;8,61;2,19;0;1,27;0;2,36;0;1;0,94;0;0;0;0;0;0;0;0;0;0;0;0;0;0;0;0;0;0;1,08;0;1,04;3,93;0;0;0;0;0;1;0;0;0,99;0;0;0;6,19;0;0;0;0;0;0;0;0;0;0;0;1,09;0;0,94;0;1,93;0;0;0;0;0;1,06;0;0;0,99;0;0,97;0;0;0;0;0;1,02;0;0;0,89;0;0;0;0;0;1,05;0;0;0;0;1,14;0;0;0;0;0;0;0;0;0;0;0;0;0;0;0;0;0;0;0;0;0;0;0;0;0;0;0;0;0;0;0;1,01;0;0;0;0,99;3,2;0;0;0;0;8,05;0;2;0;0;0;2,26;0;0;0;0;0;0;0;0;0;0;0;0;0;0;1,07;27,39;0;5,69;0;0;1;0;0;6,03;1,12;39,12;0;0,9;0,92;0;0;0;0;0,99;1,97;0;0;1,19;0;0;0;3,17;0;0;0;0;0,9;0;0;0;0;0;0;0;0;2,03;1,01;0;0;0;0;0;0;7,49;2,95;0;0,97;6,84;0;0;0;1,04;0;0;1,22;10,15;9,95;0;0,88;0;0;0;0;0;0;1,75;0;9,08;1,04;7,02;15,07;0;1,05;1,98;0;0;0;0;0;0;0;0;0;0;0;0;0;0;2,16;0;0;0;0;0;1,03;0;1,07;3,19;0;0;0;0;0;2,25;0;0;6,21;3,06;0,92;0;0;0;0;0;0;0;0;0;0;0;0;0;1,09;0;0;0;1,05;0;0;0;0;0;0,99;0;1,05;0;0;0,93;3,96;0;0;0;0;0,94;0;0;0;0,9;0;0;0;0;0;0;0;0;0;0;0;0;0
"16079";0;0;0,32;0,77;3,59;0,27;0;0;8,24;9,83;0;3,67;0;0;0;0,25;0;0,38;0;0;0;0;0;0;0,34;3,98;0,53;0;0;1,34;0,27;0;0,42;0,66;0,39;2,66;2,01;0,55;1,19;0;0;0;0,24;0;0;0,65;0,27;2,47;0;0,43;0;3,24;0;0;0,23;0;0;0,32;0;0;0;0;5,96;0,29;0;0,29;0,41;0;0;0;1;0,25;0;0;0,18;0;0;0;0,32;0;0;0,34;0;0;0;0;0;0;0;0;0;0;0;0;0;0,32;0;0,26;0;0;0,63;0;0;0,35;6,5;1,36;0;0;0,39;0;0,3;0,26;0;0;0;0;0;0;0;0;0;0;0;0;0;0;0,6;0,22;0;0;0;0;0;0;0;0,63;3,22;0,58;0,38;0;0;0;0;0,28;0;0,32;1,86;0,28;0;0;0;1,28;17,67;4,88;0,27;0;0;0;0;0,37;0;0,91;67,41;0;0,85;0,75;0;0,18;0;0;3,77;0,36;16,71;0,87;0,49;1,15;0,24;0;0;0;0;0,65;0,29;0;0;0;0;0;0,83;0;0,33;0,41;0;0,29;0;0;0;0,79;0;0;0;0,36;0,29;0,22;0;0;0,55;0;0;0;2,21;0,42;0;0,37;12,2;0;0;0;0;0;0;2,23;1,67;1,97;0,33;0;0;0;0;0;0;0;0,23;0;6,08;0,37;5,12;7,11;0;0,3;1,79;0;0,32;0;0;0;0;0,56;0;0;4,76;0;0,61;0,56;0,32;0,32;0;0;0;0;0;0;0;0;5,51;0;0;0;0;0,32;1,22;0,3;0,29;2,03;2,31;0;0;0;0;0,29;0;0,85;0;0;0;0,29;0,23;0;0;1,29;0;0;0;0;0,73;0,66;0;1,97;0;2,99;0;0;0,31;0;0,28;0,27;0;0;0;0;0;0;0,29;0;0,57;0;0;0;0;0;0;0;0;0;0;1,16;0;0,53
"16535";0;0;2,06;2,27;11,24;0;0,73;0;0;0,63;0;0;0;0;0;0;0;0;1,49;0;0;0;0;0;1,48;0,95;0;1,52;0;0;0;0;0;0,8;0;2;0,92;0;2,17;0;0;0,71;0,69;0;0,91;0;0;0,77;0;0;0;3,93;0;0;0;0;0;0;0,71;0;0;0;0;0;0;2,18;0;1,52;0;0;0;0;0;0;0;0;0;0;0;0,89;0;0;0;0;1,5;0;0,82;0;0;0;0;0,76;0;0;1,38;0;0;0,68;0,81;0,88;0,7;0;0;0;2,34;0;5,54;0;0;0;0,63;1,39;0,7;0;0;0;0;0;0;0;0;0;0;0;0,75;1,33;0;0;0;0,67;0;0,8;0;0;0,71;2,36;0,66;0;0;0;9,24;0;1,32;0;0;0;4,24;0;0,62;0;0;0;0;0;0;0;0,86;0;0;0,77;0;0;35,1;0;3,14;0;0;0;0;0;6,96;0;54,05;0;2,35;0;0;0;0;0;0;0;0,8;0,67;0;0;0;0;1,38;0;0;0;0;0;0;0;0;0;0;0;0;0,78;0;2,69;0,6;0;0;0;0,7;0;3,61;6,24;0;0;11,5;0;0;2,17;0;0,56;0;0;8,29;5,15;0;0;0;0;0;0;0;0;0;0;1,31;0;1,48;0;0;0;0;0;0;0;0;0;2,17;0;0;0,72;0;0,84;0;0,6;3,03;0,65;0;0;0;0;0,64;0;2,23;2,22;5;0;0,71;0;0,72;0;1,61;0;0;3,18;1,32;0,62;0;0;0;0;0;0;0;0;0;0,73;0;0;0;1,55;0;0;0,83;0;0;2,24;0;0;0;2,18;0;0;0;0;1,6;0;0;0;0;0;0;0;0;0;0,65;0,87;0;0,69;0;0;0;0;0;2,22;0;1,22;0;1,4
"16946";0;0;4,65;2,44;24,19;0;0;0;0;0;0;0;2,27;0;0;0;0;0;0;0;0;0;0;0;0;2,32;2,44;0;0;0;0;0;0;0;0;0;4,87;0;2,14;0;0;0;0;0;0;0;0;0;0;0;0;0;0;0;0;0;0;0;6,7;0;0;0;0;0;0;0;0;0;0;0;0;0;0;2,32;0;0;0;0;0;0;0;0;0;0;2,37;0;0;4,19;0;2,29;0;0;0;0;2,36;2,04;0;0;0;0;0;0;0;0;0;0;0;0;0;0;0;0;0;0;0;0;0;0;0;0;0;0;0;0;2,34;0;0;0;0;0;0;0;0;0;0;0;0;0;0;0;2,42;0;0;0;2,42;0;0;0;0;0;2,5;0;0;0;4,65;0;0;0;0;0;0;0;18,09;0;0;0;0;0;0;0;8,84;6,98;106,31;0;4,32;0;0;0;0;0;0;0;0;0;0;0;0;0;0;0;0;0;0;0;0;0;0;0;0;0;0;0;0;9,09;0;0;0;0;0;0;0;2,21;0;0;0;0;0;0;0;0;0;0;6,41;0;0;0;2,12;0;0;0;0;0;0;2,23;2,07;0;0;0;0;0;0;0;0;0;0;0;0;0;0;0;0;0;0;0;2,34;4,53;0;0;0;0;0;0;0;2,07;0;2,1;0;0;0;0;0;0;0;0;0;0;0;0;0;0;0;2,1;0;0;0;0;0;2,33;0;0;0;0;0;0;0;2,01;0;0;0;0;0;0;0;0;6,93;0;0;0;0;0;0;0;0;0;0;0;0;0;0;0;0;0;0;0;0;0;0;0
"17212";0,06;0;0,65;0,31;2,26;0;0,4;0,24;4,18;5,11;0,12;3,26;0,08;0,22;0,12;0;0,13;0;0;0;0,07;0;0,1;0;0,28;2,53;0,42;0,43;0;0,67;0,74;0,06;0,07;0,5;0,07;2,44;1,16;0;0,83;0;0;0,38;0;0,1;0;0;0,39;1,22;0,11;0,18;0;1,75;0;0;0;0;0;0,09;0;0;0;0,06;0;0;0;0,29;0;0,24;0;0,18;0;0,22;0;0,25;0;0,16;0;0,09;0;0,7;0;0;0,77;0,09;0;0;0;0;0;0;0,08;0;0;0,34;4,13;0,08;0,08;0,12;0,67;0;1,13;0;0;0;0;0;0;0;0,11;0,17;0,29;0,42;0;0;0;0;0;0;0;0;0;0;0;0,17;0;0;0,1;0;0;0;0,12;0,1;0;0;0,21;8,93;0;0,13;0;0;1,25;0;0,3;0;0,07;0;0,62;0,08;0;0;0,13;0,7;8,72;2,81;0,35;0;0,59;0,23;0;0,13;0;0,06;71,96;0;9,29;0,19;4,15;1,69;0;0;0,77;0;6,37;0;0,36;0,79;0;0,13;0;0;0;0,94;0,89;0;0;0;0;0;0;0;0;0;0;0;0,07;0;0,56;0;0;0;0,18;0,38;0,11;1,27;0;0;0;0;0;0;11,19;2,13;0;0,33;14,6;0;0;0,42;0;0;0;6,73;17,59;23,79;1,93;0;1,73;0;0;0,14;0,09;0;0,11;0;0,32;0,24;0,33;2,17;0;0;0,5;0;0;0;0,15;0;0,11;0;0;0,33;0,38;0;0;0,22;0,43;0,93;0;0,13;0,66;0,17;0,33;0,14;0;0,05;1,86;0;0,71;0;0;0,31;0,35;0;0;5,05;0,19;0;0;0,07;0;2,15;0,1;0,13;0;0;0;0;0;0,06;0,08;0,49;0;0;0;0;0,47;0,17;0,42;0,64;0;1,61;0;0;0,51;0,11;1,01;0;0;0;0;0,07;0;0;0,21;0;0,36;0;0;0;0;0,07;0;0,08;0;0;0,04;1,01;0;0
"17948";0;0;0,4;1,45;1,91;0;0;0;0,69;0;0;0;0;2,39;0;0;0;0;0;0;0;0;0;0,62;0;8,3;0,37;0;0;0;0;0;0;0;0;0,18;0;0;0,41;0;0;0;0;0;0;0;0;0;0;0;0,22;0,59;0;0;0;0;0;0;0,37;0;0;0;0;0;0;0;0;0,2;0;0;0;0;0;0;0;0;0;0;0;0;0;0;0;0;0,18;0;0;0;0;0;0;0;0,27;0;0,13;0;0;0;0;0,21;0,21;0,13;0;0;0;0;0;0;0;0;0;0;0;0;0;0;0;0;0;0;0;0;0;0;0;0;0;0;0,32;1,82;0;0;0;0;0;1,26;0;0;0;0;0,35;0;0,38;0;0;0;0;0;0;0;0;0;0;0;0;0;0,86;0;0,12;0;0;0,14;40,75;1;8,04;0;0;0;0;0;0,82;0,41;6,23;0;0,25;0,22;0;0;0;0;0,19;0,15;0,2;0;0;0;0;0;0;0;0;0;0;0;0;0,37;0,21;0;0;0,26;0;0;0;1,42;0;0;0;0,27;0;0;0,22;0,61;0;0,3;2,17;0,36;0;0,39;0;0;0;0,77;0,87;0,43;0;0;0;0;0;0;0;0;6,7;0;40,04;1,78;22,39;61,02;0;0;0,68;0;0;0;0;0;0;0,18;0,2;0;0;0;0;0,2;0,23;0,67;0;0;0;0;0;0;0;0;1,44;0;1,18;0;0;0;0,17;0;0;8,42;0,47;0;0;0;0;0;0;0;0;0;0;0;0;0;0;0,23;0;0;0;0;0;0,23;0;0,46;0;0,23;0;0;0;0;0,47;9,42;0;0,39;0;0;0;0;0;0;0,43;0;1,4;0;0;0;24,05;0;0;0;0,53;0;0;0
"18408";0;0;0,23;0,53;3,45;0,19;0;0,15;0,36;0,21;0;0,29;0;3,98;0;0;0;0;0;0;0;0;0;0;0;1;0,64;0,42;0;0,21;0,14;0;0;0,28;0;0,53;1,02;0,59;0,22;0;0;0,53;0;0,13;0;0;0;4,43;0;0;0;1,52;0;0;0;0;0;0;0,1;0;0;0;0;0;0;0,2;0;0,11;0,56;0;0;0;0;0;0;0;0,13;0;0;0;0;0;0;0;0,18;0,12;0;0;0,21;0;0;0,09;0;0,21;0,31;0;0,19;0,44;0,32;0;0,12;0;0;0,15;0;0;0;0;0;0;0,09;0,15;0;0;0;0,81;1,02;0;0,53;0,14;0;1,03;0,11;0;0,57;0;0;0,16;0;0;0;0;0;0;0;1,67;0;0,21;0;0;1,64;0;0,7;0;0;0;31,21;6,23;12,2;0,1;0;0,77;3,62;3,53;0,31;0,24;0;0;0,32;0,15;0;0;60,13;0;3,63;0;0;0,2;0;0;2,55;0,2;15,35;0;0,13;1,46;0,12;0;0;0;0;1,88;0;0;0;0;0;0;0,12;0;0;0;0,32;25,64;0,15;0;0,29;0;0;0;0;0;0,61;0,49;0;0,25;0;0;0,19;0;0,11;0,26;0;0,11;7,39;0;0;0,33;0;0;0;0;0,81;0,62;0,33;0;0;0,12;0;0;0;0;0;0;0,43;0;1,48;0,71;0,24;0;0,1;0;0,22;0;0;0;0;0;0;0;1,53;0;0;0,41;0,14;0,35;0;0,22;0;0,12;0;0;0;0,32;2,53;0;0,46;0,26;0;0;1,11;0;0;19,32;15,38;0;0,68;0;0;0;0;0,51;0;0;0;0,44;0;0;0;0,55;0;0;0,13;0;0,26;0,71;0;2,56;0;1,85;0;0;0,15;0;0,85;0,15;0;0,76;0;0;0,17;0,12;1;0;0,42;0;1,3;0;0;0,15;0;0;0;0;0;1;0;0,12
"18716";0;0;0,84;1,35;11,46;0;0;0;0;0;0;0;0;0;0;0;0;0;0;0;0;0;0;0;0,72;2,22;0;0;0;0;0;0;0;0;0;0;0,8;0;1,6;0;0;0,71;0;0;0;0,7;0;0;0;0,83;0;1,61;0;0;0;0;0;0,87;0;0;0;0;0;0;0;0;0;0;0;0;0;0;0;0;0;0;0;0;0,69;0;0;0;0;0;0,71;0;0;0;0;0;0,74;0;0;0;0;0;0;0,8;2,18;0;0;0;0;0;0;0;0;0;0;0;0,6;0;0;0;0;0;0;0;0;0,69;0;0;0;0;0;0;0;0;0;0;0;0,76;0;0,86;0;21,45;0;0;0;0;4,08;0;3,91;0;0;0;0;0,74;0;0;0;0;0;0;1,6;0,82;2,39;0,78;0;0;0,83;0,75;89,31;0;14,87;0;0;1,63;0;0;3,01;1,45;20,76;0;0,62;0,81;0;0;0;0;0;1,63;1,32;1,6;0;0;0;0;0;0;0;0;0;0;0;0;0;0;0;0;0,62;0;2,49;1,64;0;0;0;0;0;0;0,92;0;0;0;13,56;0;1,38;0,75;0;0;0;0;2,21;1,69;0;0;4,26;0;0;0;0;0;0;0;0,75;0;0;0;0;0;1,62;2,11;0;0,71;0;0;0;0;0;0,79;0;0;0;0;0;0,72;0;0;2,98;0;0;0;0,78;0,85;1,57;0;0;0;0;0;0;0;0;13,83;3,91;0;0;0;0;0;0;0;0;0;0;0;0;0,65;0;0,85;0;0,62;0;0;0;0;0;0;0;0;0;0;0,83;0;2,29;0;0;0;0;0;0;0,98;0;0;0,81;0;0;0;0,83;0;0,9;0;0;0;0;0;0;0
"19192";0;0;0;0,56;9,78;0;2,42;0;0,65;1,53;0;3,07;0;0,61;0;0;1,19;0,53;0;0;0;0;0;0;0;1,09;0,6;0,55;0;0,5;0;0;0;0;0;2,36;6,03;0;2,25;0;0;3,95;0,52;0;0;0;0,56;5,43;0;0;0;1,54;0;0,61;0;0;0,7;0;0;1,66;0;0;0;0;0;0,48;1,04;0;0;0,67;0;0;0;0;0;0;0;0;0,54;0;0;0;0;0,68;0;1,88;0;0,56;0,47;0;0;0;0;0;1,74;0;0;0;0;0;3,66;0;0;0;0;0;0;0;0;0,72;0;5,01;0;0;0;0;0;0,44;0;0;0;0;0;0;0,68;0;0;1,08;0;0;0;0,53;0,6;0,5;0;2,35;0;0;0;0;2,44;0;1,13;0;0;0;1,12;1,17;0;0,51;0;3,24;28,13;11,97;1,26;0;0;0;0;0;0;0,52;23,64;0;3,07;0;0;1,09;0;0;8,2;0,47;23,39;0;0,51;1,81;0;0;0;0;0,71;2,86;1,13;0;0,57;0;0;0;0;0,57;0;0;0;0,48;0,63;0;0;0;0;0;0;0;0;2,06;0;0;0,58;0;0,57;0;1,37;1,59;0;0,52;4,6;0;0;0;0;0;0;1,14;3,51;5,4;0;0;0;0;0;0,64;0,62;0;0;0;0,44;0;0;2,21;0;0;1,27;0;0;0;0;0;0;0;0;0;4,12;0;0;0;1,11;2,5;0;0;0;0;1,67;0;0;1,6;0,75;0;1,06;0;0;0;1,22;0;0;4,34;0,56;0;0;0;0;0;0;0;0;0;0;1,51;0;0;0,49;0;0;0;0;0;1,62;0,66;0;14,07;0;6,96;0;0,74;1,77;0;0,69;0;0;0;0;0;0;0;0,56;0;0,49;0;0;0;2,93;0;0;0;0;0;0;4,12;0;0
"19590";0;0;0,85;1,76;8,09;0;0;0;0;1,02;0;2,04;0;0;0;0,99;2,44;0;0;0;0;0;0;0;0;2,61;0;0;0;1,02;0;0;0;0;0;0;0;0;3,57;0;0,95;0;0;0;0;0;0;0,93;0;0;0;5,98;0;0;0;0;0;0,86;0;0;0;0;0;0;0,93;0;0;2;0;0;0;0;0;0;0;0;0;0;0;0;0;0;0;0;0;1,08;0;0;0;0;0;0;0;0;0,93;0;0;0;2,59;0,98;0;0;0;1;0;0;0;0;0;0;0;0;0;0;0;0;0;0;0;0;0;0;0;0;0;0;0;0;0;0;1,13;0,9;0;0;0;14,73;0;0;0;0;1,69;0;2,92;0;0;0;3,66;0;0;0;0;0;0;0;0,8;0,93;0,76;0;0;0;0;1,92;84,76;0;10,72;0;0;0,85;0;0;2,07;1;23,47;0;0;2,84;1;0;0;0;0;1;0;0;0;0;0;0;0;0;0;0;0;0;0;0;0;0;0,91;0;0;0;0,96;4,47;0;0;0;0;0;0;0;1,79;0;0,96;18,31;0,97;0,94;1,05;0;0;0,98;1,86;7,19;4,44;0;0;2,93;0;0;0;0;0;0;0;0;0;0;0;0;0,81;2,02;0;0;0;0;0;0;0;0;0;0;0;0;0;0;1,03;0;0;0;0,83;0,84;0;0;0,83;1,04;0;0;0;0;0;2,35;0;0;4,94;1,78;0;0;0;0;0;0;1,03;0;0;0;0;0;0;1,8;0;0;0;0;0;0,87;1,57;0;0;0;1,84;0;0;0;0;0,97;0;0;0;0;0;0;0;0;0;2,02;0;0;0;0;0;0,9;0;0;0;0;0;0;0
"20053";0;2,59;1,01;1,48;5,04;0;0;0;0,28;0,71;0;0;0;0;0;0;0;0;0;0;0;0;0;0;2,06;4,22;0;0,31;0;1,93;0;0;0;0;0;0,64;0,33;0;0,36;0,4;0;0;0;0,3;0;0;0;0;0;0;0;0,28;0;0,22;0;0;0;0;0;0;0;0;0,58;0;0;0,32;0;0,92;0;0;0;0,35;0,36;0;0;0;0;0;0;0,29;0;0;0;0;0;0,56;0;0;0,63;0;0;0;0;0,24;0;0;0;0,48;0;0,3;0;0;0;0;3,35;0;1,44;0;0,32;0;0;0;0,67;0,58;0;0;0;0;0;0;0;0;0;0;1,55;0;0;0,37;0;2,41;0;0;0;0;0;0;5,74;0;0;0;1,37;0;0,62;0;0;0;1,1;0,38;0;0;0;0;0;0;0;0;0,33;0;0,35;0;0;1,02;52,67;1,57;6,82;0;0,29;0;0;0;0,21;0;3,18;0;0,34;0,85;0;0;0;0;0;0;0,83;0;0;0;0;0;0;0;0;0;0;0,54;0;0;0,36;0;0,35;0;0;0;0,28;0,96;0;0,3;0;0;0;0,24;1,28;0,25;0;0;5,88;0;0;1,03;0;0;0;0;0,62;0;0;0;0;0,34;0;0;0;0;2,79;0;27,61;4,87;25,4;54,62;0,34;0;0,72;0;0;0;0;0;0;0;0;0,26;0;0;0;0,35;0,23;0,31;0,21;0;0;0;0;0;0;0;2,15;0;0,39;0;0;0;0;0;0;13,53;1,34;0;0;0;0;0,54;0;0;0;0;0;0;0;0,3;1,97;0;0,29;0;0,28;0;0;0,31;0;0,35;0;0;0;0;0,18;0;0;5,34;0;0;0;0;0;0;0;0;1,02;0;0;0;0;0;0;0;0;0;0;1,32;0;0
"20620";0;0;0,5;1,25;13,39;0,44;0;0;2,09;1,79;0,57;0,5;0;0;0;0;0;0;0;0;0;0;0;0;0,41;1,35;0;0;0;0,47;0;0;0;0;0;0,58;0,42;0;0,95;0;0;0;0;0,55;0;0;0,38;0,59;0;0;0;4,37;0;0;0;0,84;0;0;0,48;0;0,46;0;0;0;0;0,42;0,52;0,7;0;0;0;0;0;0;0,37;0;0;0;0;0;0;0;0;0;0,51;0;0;0;0;0;0;0;0;0;1,79;0,32;0;0,91;1,43;0;0;0;0;0;0;0;0;0;1,28;0;0,9;0;0;0;0,49;0;0;0;0;0;0,42;0;0,32;0;0,48;0,39;0;0;0;0;0;0;0;0;0;10,18;0;0;0;0;0,92;0;4,03;0;0;0;1,49;0,42;0;0;0,49;0;0;0;0,48;0,43;0;0,45;0;0,48;0,46;0;52,81;0,41;8,79;0,52;0;0,48;0;0;4,74;0;16,24;0;0;1,7;0;0;0;0,63;0;0,58;0;0;0;0;0;0;0;0;0;0;0,5;0,87;0;0;0,58;0;0;0;0;0;1,58;1,37;0;0,82;0;0;0;0;13,18;2,79;0;0,29;7,85;0;0;0;0;0,46;0;1,39;1,87;2,16;0;0;0,39;0;0;0;0;0;0,84;0;10,53;0,89;11,16;32,43;0;0;3,5;0;0;0;0,91;0;0;0;0;0;0;0;0;0;0,75;0;0;0;0;0;0,96;0;0;0;2,94;0;0;0;0,42;0,45;1;0,83;0;6,92;0,46;0;0;0;0;0;0;0,43;0;0;0;0;0;0;0,69;1,48;1,81;0;0;0;0;0;0;0,47;0;0,51;0;0;0,48;0,4;1,35;0,54;0;0;0,49;0,47;0;0;0;0;0,94;0;1,82;0,45;0;0;0,88;0;0;0,34;0;0;0;0
"21057";0;0;0,03;0,04;0,19;0;0;0;0,09;0,04;0,03;0,13;0;0,59;0;0;0;0;0;0;0,02;0;0;0,01;0,05;8,56;0,13;0,01;0;0;0,06;0;0;0,18;0,01;0,66;0,03;0;0,16;0;0,08;0,04;0,05;0;0;0;0,01;0,17;0;0;0,05;0,47;0;0;0;0;0,08;0,09;0;0;0;0;0;0;0;0;0;0,03;0;0;0;0;0;0;0,01;0;0,04;0;0,04;0;0;0;0,39;0;0;0;0,06;0;0;0;0,03;0;0;0;0,22;0;0,12;1,73;5,22;0;0,19;0;0;0,14;0,1;0,04;0;0,04;0,01;0;0;0;0,04;0,03;0,02;0;0;0,01;0;0;0,07;0;0,01;0;0,1;0,02;0;0,02;0;0,08;0,29;0,17;0;0,05;0;29,16;0,31;0,04;0,06;0;0,08;0;4;0;0;0;0,24;0,22;0;0;0,04;0;1,06;0,35;0;0;0;0,53;0;0,05;0;0,14;112,71;0;23,9;0;0;0,04;0;0;0,21;0,05;0,85;0;0,01;0;0,01;0;0,06;0;0;8;0,09;0,03;0;0;0;0;0;0;0,01;0;0,48;0,01;0,03;0;0;0,07;0,02;0;0;0,14;0,02;0,17;0;0;0,02;0;0;0,03;0,09;0,08;0;0;25,12;0,08;0;1,13;0;0;0;0,04;0,18;0,39;0,02;0;2,06;0;0;0;0,07;0;0,15;0;2,1;0,61;1,71;6,02;0;0;0,05;0,01;0;0,02;0;0,01;0,02;0;0,01;0,07;0,15;0,06;0,1;0;0,08;0,02;0;0;0,5;1,09;0;0;0;0,15;7,1;0;0,03;0;0;0,62;0,43;0,02;0;16,93;0,95;0;0;0;0,03;0;0;0,02;0;0;0;0;0,02;0;0,09;0,01;0;0,01;0;0,02;0,1;0,1;0,02;0,09;0;0,09;0;0,01;0;0,02;0,02;0,05;0;0;0;0;0;0;0;0;0,04;0;1,2;0;0;0,03;0;0;0;0;0,07;0,07;0;0
"21740";0;0;3,84;0,76;10,76;0;0;0;1,15;0;0;1,47;0;0;0;0;0,92;0;0,91;0;0;0;0;0;0,84;1,36;0;0;0;0;0;0;0;0;0;0,78;0,7;0;4,08;0;0;0;0;0;0;0;0;0;0;0;0;2,43;0;0;0;0,74;0;0;2,9;0;0;0;0,79;0;0;1,58;0;0,76;0;0;0;0;0;0;0;0;0;0;0;0,64;0;0;0;0;0,8;0;0;0,8;0;0;0,61;0;0;0;1,51;0;0;0;0;0,73;0;0;0,7;0;0;0;0;0;0;0;0;0;0;0,65;0;0;0;0;0;0;0;0;0;0;0,74;0;0;0;0;0;1,42;0;0;0;0;2,04;0;0;0;0,81;3,08;0;1,32;0;0;0;0,63;0;0;0,59;0,7;0;0;0;1,63;1,62;0;0;0,82;0;0;0,89;41,46;0;2,11;0,84;0;0,66;0;0;2,92;1,63;62,5;1,68;0,63;2,94;0;0;0;0;0;0;0;0;0;0,82;0;0;0,72;0;0,98;0;0;0;0;0;0;0,73;0;0;0,69;0,67;0,85;11,24;0,67;0;0;0;0;0;1,44;0;0;0;12,48;0;0;0,76;0;0;0;0;6,18;2,22;0;0,76;0;0;0;0;0;0;0,84;0;5,67;0;1,53;8,59;0;0,75;1,48;0;0;0;0;0,73;0;0;0;0;0;0;0;0,71;0,79;0,64;0;0;0;0;0;0;0;0;1,38;0;0;0;0;0;1,39;0;0;3,71;0,65;0;0,74;0;0;0;0;0;0;0;0;0;0;0,74;0;0,84;0;0,8;0;0;0,68;0,76;0;0,98;0;0;0;0;0;0;5,28;1,53;0,72;0;0;0,65;0;0;0;0;0,77;0;0;0;0;0;0,77;0;0;0;0,8;10,45;1,55;0
"22505";0;0;0,15;0,05;0,26;0;0,03;0;0;0,03;0;0;0;0,66;0;0,02;0;0;0;0;0;0;0;0;0,04;6,57;0,24;0,05;0;0;0;0;0;0,07;0;0,57;0,03;0,04;0,07;0;0;0;0;0;0;0;0;0;0,02;0;0;0,1;0;0;0;0,11;0,17;0,35;0;0;0,02;0,04;0;0;0;0,02;0;0;0;0,08;0;0;0;0;0;0,03;0,07;0;0;0;0;0;0;0,02;0;0,01;0;0,04;0;0;0;0;0;0;0,2;0;0;1,84;5,01;0;0;0;0,05;0,01;0,15;0,09;0;0;0,06;0;0;0;0,05;0;0,03;0;0,03;0,23;0;0;0;0,07;0;0;0,05;0;0;0;0;0;0,21;0,09;0;0;0;30,37;0,06;0;0;0;0,02;0;2,54;0;0;0;0,09;0,07;0;0;0;0;0;0;0,14;0,04;0;0,42;0;0;0;0,14;122,47;0;26,61;0;0,03;0;0;0;0,18;0;0,85;0;0,07;0,03;0;0;0,02;0;0;6,67;0,41;0,06;0;0;0;0;0;0;0,07;0;0,48;0;0;0;0;0,09;0;0;0;0;0;0,08;0;0;0;0;0;0;0;0,04;0;0,03;29,42;0,08;0,13;0,76;0;0;0;0,04;0,24;0,1;0;0;2,4;0,07;0;0;0;0;0,02;0;0,04;0,07;0,18;0,21;0;0;0,06;0;0;0,02;0;0;0;0;0;0;0;0;0;0,05;0,01;0;0;0;0,84;1,48;0;0;0;0;6,24;0;0,03;0,09;0;0;0,37;0;0;19,53;0,44;0;0;0,03;0,02;0;0;0,02;0;0;0;0,05;0,07;0;0;0,04;0,05;0;0;0;0,02;0,04;0,07;0;0,02;0;0,03;0;0,03;0;0,11;0;0;0;0;0;0;0;0;0;0;0,04;1,01;0;0,03;0;0;0;0;0;0;0,19;0;0
"22974";0;0;2,27;2;9,97;0;0;0;0,75;0,67;0;0,84;0;0;0;0;0,65;0;0;0,66;0;0;0;0;0;3,41;1,47;0;0;0,78;0;0;0;0;0;1,5;0,82;0,69;0;0;0;0;0;0;0;0;0;0;0,72;0,8;0;2,96;0;0;0;0;0;0;1,5;0,73;0;0;0;0;0;0;0;0,66;0;0;0;0;0;0;0;0;0;0;0;0;0;0;0;0;3,01;0;0;0,8;0;2,18;0,68;0;0;0;0;0;0;0;0;0,75;0;0;0,61;0;0;0;0;0;0;0;0;0;0;0;0;0;0;0;0;0;0;0;0;0;0,82;0;0;0;0,64;0,7;0;0;0;0;0,73;1,46;0,65;0;0;0;2,36;0;3,01;0;0;0;3,14;0;0;0;0;0;0;0;1,55;0;0;0;0;0;0;0;42,36;0;2,92;0;0;0;0;0;3,14;0;32,84;4,34;1,54;3,65;0,69;0;0;0;0;0;0;0;0;0;0;0;0;0;0;0;0;0;0;0;0;0;1,3;0;0;0;0,81;2,99;0,66;0,73;0;0;0;0;6,95;2,07;0;0;7,46;0;0;2,19;0;0;0;1,44;3,97;2,32;0,86;0;0;0;0;0;0;0;0;0;12,76;1,63;13,23;22,41;0;0;1,22;0;0;0;0;0;0;0;0;0;0;0;0;0,83;0,77;1,4;0;0;0;0;0;0,74;0;1,4;1,36;0;0;0;0;0;0,76;0;0;7,37;4,89;0;0;0;0;0;0;0,67;0;0;0;0,6;0;0;0;1,63;0,7;0;0;0;0;0,64;0;1,54;0;0,83;0;0;0;0;1,34;8,23;0;0;0;0,81;0;0;0;0;2,86;0;0,7;0;1,51;0;0;0;0;0;0;0;0;0
