Name;element_cycle;pH_preference;real_5;;
[Acidovorax] ebreus;N;acidic to alkaline;out;;
Acetobacter;C, N;slightly acidic;2;;
Acetobacterium;C;slightly acidic;2;https://www.ncbi.nlm.nih.gov/pmc/articles/PMC4198145/;
Achromobacter;N;unknown;out;;
Achromobacter deleyi;N;unknown;out;;
Achromobacter denitrificans;N;unknown;out;;
Achromobacter insolitus;N;unknown;out;;
Achromobacter spanius;N;unknown;out;;
Achromobacter xylosoxidans;N;unknown;out;;
Acidibrevibacterium;unknown;acidic;1;;
Acidibrevibacterium fodinaquatile;unknown;acidic;1;;
Acidiferrobacter;Fe;unknown;out;;
Acidiferrobacter sp. SPIII_3;Fe;unknown;out;;
Acidihalobacter;Fe, S;acidic;1;;
Acidihalobacter aeolianus;Fe, S;acidic;1;;
Acidihalobacter ferrooxydans;Fe, S;acidic;1;;
Acidihalobacter yilgarnensis;Fe, S;acidic;1;;
Acidiphilium;Fe;acidic;1;;
Acidipropionibacterium;unknown;unknown;out;;
Acidisarcina;C;acidic;1;;
Acidisarcina polymorpha;C;acidic;1;;
Acidithiobacillus;Fe, S;acidic to neutral;2;;
Acidithiobacillus ferrivorans;Fe, S;acidic to neutral;2;;
Acidithiobacillus ferrooxidans;Fe, S;acidic to neutral;2;;
Acidobacteria bacterium;unknown;unknown;out;;
Acidobacteria bacterium Mor1;unknown;unknown;out;;
Acidobacterium;C, N;acidic;1;;
Acidobacterium capsulatum;C, N;acidic;1;;
Acidovorax;N;acidic to alkaline;out;;
Acidovorax antarcticus;N;acidic to alkaline;out;;
Acidovorax avenae;N;acidic to alkaline;out;;
Acidovorax carolinensis;N;acidic to alkaline;out;;
Acidovorax cattleyae;N;acidic to alkaline;out;;
Acidovorax citrulli;N;acidic to alkaline;out;;
Acidovorax monticola;N;acidic to alkaline;out;;
Acidovorax sp. 1608163;N;acidic to alkaline;out;;
Acidovorax sp. HDW3;N;acidic to alkaline;out;;
Acidovorax sp. JMULE5;N;acidic to alkaline;out;;
Acidovorax sp. JS42;N;acidic to alkaline;out;;
Acidovorax sp. KKS102;N;acidic to alkaline;out;;
Acidovorax sp. RAC01;N;acidic to alkaline;out;;
Acidovorax sp. T1;N;acidic to alkaline;out;;
Acinetobacter;C;acidic to slightly alkaline;2;;
Acinetobacter johnsonii;C;acidic to slightly alkaline;2;;
Acinetobacter junii;C;acidic to slightly alkaline;2;;
Acinetobacter lwoffii;C;acidic to slightly alkaline;2;;
Actinoalloteichus;;;;;
Actinobacteria bacterium IMCC19121;unknown;unknown;out;;
Actinobacteria bacterium IMCC26103;unknown;unknown;out;;
Actinobacteria bacterium IMCC26256;unknown;unknown;out;;
Actinomadura;C;unknown;out;;
Actinomyces;C;unknown;out;;
Actinomyces oris;C;unknown;out;;
Actinoplanes;C;neutral;3;;
Actinoplanes friuliensis;C;neutral;3;;
Actinopolymorpha;unknown;unknown;out;;
Actinopolymorpha singaporensis;unknown;unknown;out;;
Advenella;unknown;unknown;out;;
Advenella mimigardefordensis;unknown;unknown;out;;
Aeoliella;unknown;unknown;out;;
Aeoliella mucimassa;unknown;unknown;out;;
Aeromicrobium;unknown;unknown;out;;
Aeromonas;C;unknown;out;;
Aeromonas sp. CA23;C;unknown;out;;
Aerosticca;C;unknown;out;;
Aerosticca soli;C;unknown;out;;
Afipia;C, N;unknown;out;;
Afipia carboxidovorans;C, N;unknown;out;;
Afipia sp. GAS231;N;unknown;out;;
Agrobacterium;C;acidic to neutral;2;;
Agrobacterium rubi;C;acidic to neutral;2;;
Agrobacterium tumefaciens;C;acidic to neutral;2;;
Agrobacterium vitis;C;acidic to neutral;2;;
Agrococcus;unknown;unknown;out;;
Agromyces;C;unknown;out;;
Ahniella;unknown;unknown;out;;
Ahniella affigens;unknown;unknown;out;;
Akkermansia;contaminant;contaminant;out;;skin bacterium
Akkermansiaceae bacterium;contaminant;contaminant;out;;
Alcaligenes;C;neutral;3;;
Alcaligenes faecalis;C;neutral;3;;
Alcanivorax;C;neutral;3;;
Alcanivorax sp.;C;neutral;3;;
Algoriphagus;C;alkaline;5;;
Algoriphagus sp. Y33;C;alkaline;5;;
Alicycliphilus;C, N;neutral ;3;;
Alicycliphilus denitrificans;C, N;neutral ;3;;
Alicyclobacillus;unknown;acidic;1;;
Alistipes;C;unknown;out;;
Alloacidobacterium dinghuense;unknown;unknown;out;;
Allochromatium;unknown;unknown;out;;
Altererythrobacter;unknown;neutral;3;;
Alteromonas;contaminant;contaminant;out;;aquatic
Aminobacter;N;unknown;out;;
Aminobacter sp. MSH1;N;unknown;out;;https://www.mdpi.com/2076-2607/9/6/1332
Amycolatopsis;C;neutral to slightly alkaline;4;;
Anabaena;contaminant;contaminant;out;;
Anabaena cylindrica;contaminant;contaminant;out;;
Anabaena sp. 90;contaminant;contaminant;out;;
Anaerolinea;C;unknown;out;;
Anaerolinea thermophila;C;unknown;out;;
Anaerolineae bacterium;C;unknown;out;;
Anaeromyxobacter;C;neutral;3;;
Anaeromyxobacter dehalogenans;;neutral;3;;
Anaeromyxobacter sp. Fw109-5;Fe;neutral?;3;;
Anatilimnocola;contaminant;contaminant;out;;
Anatilimnocola aggregata;contaminant;contaminant;out;;
Ancylobacter;unknown;acidic;1;;
Ancylobacter pratisalsi;PGPB;acidic;1;;
Ancylobacter sp. TS-1;As;acidic;1;;
Anderseniella;aquatic;aquatic;out;;
Anderseniella sp. Alg231-50;aquatic;aquatic;out;;
Aneurinibacillus;unknown;unknown;out;;
Anoxybacillus;unknown;neutral to slightly alkaline;4;;
Aphanizomenon;aquatic;aquatic;out;;
Aphanizomenon flos-aquae;aquatic;aquatic;out;;
Aquabacter;aquatic;aquatic;out;;
Aquabacter sp. L1I39;aquatic;aquatic;out;;
Aquabacterium;aquatic;aquatic;out;;
Aquabacterium olei;aquatic;aquatic;out;;
Aquaspirillum;aquatic;aquatic;out;;
Aquaspirillum sp. LM1;aquatic;aquatic;out;;
Aquibium microcysteis;unknown;unknown;out;;
Aquibium oceanicum;aquatic;aquatic;out;;
Aquiflexum;aquatic;aquatic;out;;
Aquiflexum balticum;aquatic;aquatic;out;;
Aquincola;C;neutral;;;
Aquincola tertiaricarbonis;C;neutral;;;
Aquipluma;N;acidic;1;;
Aquipluma nitroreducens;N;acidic;1;;
Aquirufa;aquatic;aquatic;out;;
Aquisalimonas;aquatic;aquatic;out;;
Aquisalimonas sp. 2447;aquatic;aquatic;out;;
Aquisphaera;C;slightly alkaline;4;;
Aquisphaera giovannonii;C;slightly alkaline;4;;
Aquitalea;contaminant;contaminant;out;;
Aquitalea aquatilis;contaminant;contaminant;out;;
Aquitalea sp. USM4;contaminant;contaminant;out;;
Arachidicoccus;PGPB;unknown;out;;
Archangium;unknown;unknown;out;;
Archangium gephyra;unknown;unknown;out;;
Archangium violaceum;unknown;unknown;out;;
Arenimonas;unknown;unknown;out;;
Arenimonas daejeonensis;unknown;unknown;out;;
Aromatoleum;C;unknown;out;;
Aromatoleum aromaticum;C;unknown;out;;
Aromatoleum pumilum;C;unknown;out;;
Arthrobacter;C;neutral to alkaline;4;;
Arthrobacter agilis;C;neutral to alkaline;4;;
Arthrobacter alpinus;C;neutral to alkaline;4;;
Arthrobacter sp. 24S4-2;C;neutral to alkaline;4;;
Arthrobacter sp. FB24;C;neutral to alkaline;4;;
Arthrobacter sp. Hiyo4;C;neutral to alkaline;4;;
Arthrobacter sp. KBS0702;C;neutral to alkaline;4;;
Arthrobacter sp. PAMC25564;C;neutral to alkaline;4;;
Arthrobacter sp. U41;C;neutral to alkaline;4;;
Arthrobacter sp. UKPF54-2;C;neutral to alkaline;4;;
Asticcacaulis;unknown;acidic to neutral?;2;;
Asticcacaulis excentricus;unknown;acidic to neutral?;2;;
Aurantimonas;Mn;unknown;out;;https://www.ncbi.nlm.nih.gov/pmc/articles/PMC2746641/
Aureimonas;Au;neutral;3;;
Aureimonas mangrovi;Au;neutral;3;;
Aureimonas populi;Au;neutral;3;;
Aureimonas sp. AU20;Au;neutral;3;;
Azoarcus;N;neutral;3;;
Azoarcus communis;N;neutral;3;;
Azoarcus olearius;N;neutral;3;;
Azoarcus sp. CIB;N;neutral;3;;
Azoarcus sp. DD4;N;neutral;3;;
Azoarcus sp. DN11;N;neutral;3;;
Azoarcus sp. KH32C;N;neutral;3;;
Azorhizobium;N;unknown;out;;
Azorhizobium caulinodans;N;unknown;out;;
Azospira;N;neutral;3;;
Azospira oryzae;N;neutral;3;;
Azospira restricta;N;neutral;3;;
Azospirillum;N;acidic;1;;
Azospirillum brasilense;N;acidic;1;;
Azospirillum lipoferum;N;acidic;1;;
Azospirillum oryzae;N;acidic;1;;
Azospirillum thermophilum;N;acidic;1;;
Azospirillum thiophilum;N;acidic;1;;
Azotobacter;N;acidic;1;;
Bacillus;C;neutral to alkaline;4;;
Bacillus mycoides;C;neutral to alkaline;4;;
Bacillus pumilus;C;neutral to alkaline;4;;
Bacillus sp. 1NLA3E;C;neutral to alkaline;4;;
Bacillus sp. FJAT-22090;C;neutral to alkaline;4;;
Bacteriovorax;NA;neutral?;3;;
Bacteriovorax stolpii;NA;neutral?;3;;
bacterium;contaminant;contaminant;out;;
Bacteroides;unknown;unknown;out;;
Bacteroidetes bacterium;unknown;unknown;out;;
Bacteroidetes bacterium UKL13-3;unknown;unknown;out;;
Baekduia;unknown;unknown;out;;
Baekduia soli;unknown;unknown;out;;
Bdellovibrio;unknown;unknown;out;;parasitic auf Pseudomonas etc
Bdellovibrio bacteriovorus;unknown;unknown;out;;
Beijerinckia;metalls;unknown;out;;
Beijerinckia indica;metalls;unknown;out;;
Beijerinckiaceae bacterium;metalls;unknown;out;;
Beijerinckiaceae bacterium RH AL1;metalls;unknown;out;;
Belliella;C;unknown;out;;
Belliella baltica;aquatic;aquatic;out;;
Betaproteobacteria bacterium GR16-43;contaminant;contaminant;out;;
Betaproteobacteria bacterium UKL13-2;contaminant;contaminant;out;;
Bifidobacterium;C;unknown;out;;
Blastochloris;unknown;unknown;out;;
Blastochloris tepida;unknown;unknown;out;;
Blastochloris viridis;unknown;unknown;out;;
Blastococcus;unknown;unknown;out;;
Blastococcus saxobsidens;unknown;unknown;out;;
Blastomonas;unknown;unknown;out;;
Blastomonas sp. RAC04;unknown;unknown;out;;
Blattabacterium;contaminant;contaminant;out;;
Blautia;contaminant;contaminant;out;;in mammals
Bordetella;unknown;neutral;3;;
Bordetella bronchialis;unknown;neutral;3;;
Bordetella bronchiseptica;unknown;neutral;3;;
Bordetella flabilis;unknown;neutral;3;;
Bordetella genomosp. 13;unknown;neutral;3;;
Bordetella genomosp. 8;unknown;neutral;3;;
Bordetella genomosp. 9;unknown;neutral;3;;
Bordetella hinzii;unknown;neutral;3;;
Bordetella petrii;unknown;neutral;3;;
Bordetella sp. H567;unknown;neutral;3;;
Bordetella sp. N;unknown;neutral;3;;
Bordetella trematum;unknown;neutral;3;;
Bosea;unknown;neutral;3;;
Bosea sp. ANAM02;unknown;neutral;3;;
Bosea sp. AS-1;As, Sb;neutral;3;;
Bosea sp. F3-2;unknown;neutral;3;;
Bosea sp. PAMC 26642;lichen;neutral;3;;
Bosea sp. RAC05;unknown;neutral;3;;
Bosea sp. Tri-49;C, N;neutral;3;;
Bosea vaviloviae;PGPB;neutral;3;;
Brachybacterium;unknown;unknown;out;;
Bradyrhizobium;N;slightly acidic to neutral;2;;
Bradyrhizobium amphicarpaeae;N;slightly acidic to neutral;2;;
Bradyrhizobium arachidis;N;slightly acidic to neutral;2;;
Bradyrhizobium betae;N;slightly acidic to neutral;2;;
Bradyrhizobium canariense;N;slightly acidic to neutral;2;;
Bradyrhizobium cosmicum;N;slightly acidic to neutral;2;;
Bradyrhizobium diazoefficiens;N;slightly acidic to neutral;2;;
Bradyrhizobium erythrophlei;N;slightly acidic to neutral;2;;
Bradyrhizobium genosp. B;N;slightly acidic to neutral;2;;
Bradyrhizobium genosp. L;N;slightly acidic to neutral;2;;
Bradyrhizobium guangdongense;N;slightly acidic to neutral;2;;
Bradyrhizobium guangxiense;N;slightly acidic to neutral;2;;
Bradyrhizobium guangzhouense;N;slightly acidic to neutral;2;;
Bradyrhizobium icense;N;slightly acidic to neutral;2;;
Bradyrhizobium japonicum;N;slightly acidic to neutral;2;;
Bradyrhizobium lablabi;N;slightly acidic to neutral;2;;
Bradyrhizobium oligotrophicum;N;slightly acidic to neutral;2;;
Bradyrhizobium ottawaense;N;slightly acidic to neutral;2;;
Bradyrhizobium paxllaeri;N;slightly acidic to neutral;2;;
Bradyrhizobium sp.;N;slightly acidic to neutral;2;;
Bradyrhizobium sp. 1(2017);N;slightly acidic to neutral;2;;
Bradyrhizobium sp. 6(2017);N;slightly acidic to neutral;2;;
Bradyrhizobium sp. BTAi1;N;slightly acidic to neutral;2;;
Bradyrhizobium sp. CCBAU 051011;N;slightly acidic to neutral;2;;
Bradyrhizobium sp. CCBAU 51753;N;slightly acidic to neutral;2;;
Bradyrhizobium sp. CCBAU 51765;N;slightly acidic to neutral;2;;
Bradyrhizobium sp. CCBAU 53340;N;slightly acidic to neutral;2;;
Bradyrhizobium sp. CCBAU 53351;N;slightly acidic to neutral;2;;
Bradyrhizobium sp. CCBAU 53421;N;slightly acidic to neutral;2;;
Bradyrhizobium sp. ORS 278;N;slightly acidic to neutral;2;;
Bradyrhizobium sp. ORS 285;N;slightly acidic to neutral;2;;
Bradyrhizobium sp. PSBB068;N;slightly acidic to neutral;2;;
Bradyrhizobium sp. SK17;N;slightly acidic to neutral;2;;
Bradyrhizobium symbiodeficiens;N;slightly acidic to neutral;2;;
Bradyrhizobium vignae;N;slightly acidic to neutral;2;;
Bremerella;aquatic;aquatic;out;;
Bremerella volcania;aquatic;aquatic;out;;
Breoghania;C, N;unknown;out;;
Breoghania sp. L-A4;C, N;unknown;out;;
Brevibacillus;C;neutral;3;;
Brevibacterium;C;alkaline?;5;;
Brevibacterium casei;C;alkaline?;5;;
Brevibacterium luteolum;C;alkaline?;5;;
Brevibacterium sp. CS2;C;alkaline?;5;;
Brevundimonas;C;alkaline?;5;;
Brevundimonas diminuta;C;alkaline?;5;;
Brevundimonas goettingensis;C;alkaline?;5;;
Brevundimonas mediterranea;C;alkaline?;5;;
Brevundimonas naejangsanensis;C;alkaline?;5;;
Brevundimonas pondensis;C;alkaline?;5;;
Brevundimonas sp.;C;alkaline?;5;;
Brevundimonas sp. AJA228-03;C;alkaline?;5;;
Brevundimonas sp. Bb-A;C;alkaline?;5;;
Brevundimonas sp. CS1;C;alkaline?;5;;
Brevundimonas sp. LM2;C;alkaline?;5;;
Brevundimonas sp. M20;C;alkaline?;5;;
Brevundimonas sp. MF30-B;C;alkaline?;5;;
Brevundimonas sp. 'scallop';C;alkaline?;5;;
Brevundimonas sp. SGAir0440;C;alkaline?;5;;
Brevundimonas subvibrioides;C;alkaline?;5;;
Brevundimonas vesicularis;C;alkaline?;5;;
Brevundimonas vitisensis;C;alkaline?;5;;
Brochothrix;contaminant;contaminant;out;;
Brochothrix thermosphacta;contaminant;contaminant;out;;in wurst gefunden
Brucella;unknown;unknown;out;;
Brucella anthropi;unknown;unknown;out;;
Bryobacterales bacterium F-183;unknown;unknown;out;;
Burkholderia;N;acidic to neutral;2;;
Burkholderia cenocepacia;N;acidic to neutral;2;;
Burkholderia cepacia;N;acidic to neutral;2;;
Burkholderia gladioli;N;acidic to neutral;2;;
Burkholderia multivorans;N;acidic to neutral;2;;
Burkholderia pseudomallei;N;acidic to neutral;2;;
Burkholderia sp. AD24;N;acidic to neutral;2;;
Burkholderiaceae bacterium;N;acidic to neutral;2;;
Burkholderiales bacterium GJ-E10;N;acidic to neutral;2;;
Caballeronia;C;neutral;3;;
Caenibius;contaminant;contaminant;out;;
Caenibius tardaugens;contaminant;contaminant;out;;https://www.microbiologyresearch.org/content/journal/ijsem/10.1099/ijs.0.02301-0
Caldibacillus;C;neutral;3;;
Caldibacillus thermoamylovorans;C;neutral;3;;
Caldicellulosiruptor;C;unknown;out;;
Caldilinea;unknown;unknown;out;;
Caldilinea aerophila;unknown;unknown;out;;
Calothrix;contaminant;contaminant;out;;
Campylobacter;contaminant;contaminant;out;;leben im darm von mammals
candidate division WWE3 bacterium CSP1-7;contaminant;contaminant;out;;
Candidatus Accumulibacter;P;neutral?;3;;
Candidatus Bipolaricaulis;unknown;unknown;out;;
Candidatus Brocadia;N;unknown;out;;
Candidatus Brocadia pituitae;N;unknown;out;;
Candidatus Brocadia sp.;N;unknown;out;;
Candidatus Campbellbacteria bacterium;unknown;unknown;out;;
Candidatus Competibacteraceae bacterium;C;unknown;out;;
Candidatus Desulfobacillus;N, S;unknown;out;;
Candidatus Desulfobacillus denitrificans;N, S;unknown;out;;
Candidatus Endoriftia;unknown;unknown;out;;
Candidatus Endoriftia persephone;unknown;unknown;out;;
Candidatus Filomicrobium marinum;aquatic;aquatic;out;;https://www.ncbi.nlm.nih.gov/pmc/articles/PMC4424283/
Candidatus Fonsibacter;contaminant;contaminant;out;;
Candidatus Fonsibacter ubiquis;contaminant;contaminant;out;;
Candidatus Koribacter;C, Fe;unknown;out;;https://en.wikipedia.org/wiki/Koribacter_versatilis
Candidatus Koribacter versatilis;C, Fe;unknown;out;;
Candidatus Kuenenia;N;slightly alkaline;4;;
Candidatus Kuenenia stuttgartiensis;N;slightly alkaline;4;;
Candidatus Liberibacter solanacearum;unknown;unknown;out;;
Candidatus Megaira;aquatic;aquatic;out;;https://www.frontiersin.org/articles/10.3389/fmicb.2020.01425/full
Candidatus Methylomirabilis;C;unknown;out;;
Candidatus Methylomirabilis oxyfera;C;unknown;out;;
Candidatus Methylopumilus;C;unknown;out;;
Candidatus Methylopumilus planktonicus;C;unknown;out;;
Candidatus Methylopumilus turicensis;C;unknown;out;;
Candidatus Methylopumilus universalis;C;unknown;out;;
Candidatus Methylospira;C;unknown;out;;
Candidatus Methylospira mobilis;C;unknown;out;;
Candidatus Moranbacteria bacterium;unknown;unknown;out;;
Candidatus Nanopelagicus;C;unknown;out;;
Candidatus Nanopelagicus abundans;C;unknown;out;;
Candidatus Nanopelagicus hibericus;C;unknown;out;;
Candidatus Nitrospira inopinata;N;acidic;1;;
Candidatus Nitrospira kreftii;N;acidic;1;;
Candidatus Nitrotoga;N;neutral;3;;
Candidatus Nitrotoga fabula;N;neutral;3;;
Candidatus Nitrotoga sp. AM1P;N;neutral;3;;
Candidatus Nomurabacteria bacterium;unknown;unknown;out;;
Candidatus Planktophila;contaminant;contaminant;out;;
Candidatus Planktophila dulcis;contaminant;contaminant;out;;
Candidatus Planktophila lacus;contaminant;contaminant;out;;
Candidatus Planktophila limnetica;contaminant;contaminant;out;;
Candidatus Planktophila vernalis;contaminant;contaminant;out;;
Candidatus Planktophila versatilis;contaminant;contaminant;out;;
Candidatus Promineofilum;unknown;unknown;out;;
Candidatus Promineofilum breve;unknown;unknown;out;;
Candidatus Protochlamydia;unknown;unknown;out;;
Candidatus Protochlamydia amoebophila;unknown;unknown;out;;
Candidatus Protochlamydia naegleriophila;unknown;unknown;out;;
Candidatus Roizmanbacteria bacterium;unknown;unknown;out;;
Candidatus Saccharibacteria bacterium;C;unknown;out;;
Candidatus Symbiobacter;unknown;unknown;out;;
Candidatus Symbiobacter mobilis;unknown;unknown;out;;
Candidatus Tenderia;unknown;unknown;out;;
Candidatus Tenderia electrophaga;unknown;unknown;out;;
Candidatus Thiodictyon syntrophicum;S;neutral;3;;
Candidatus Viadribacter manganicus;Fe, Mn;unknown;out;;https://journals.asm.org/doi/10.1128/genomeA.00897-16
Capnocytophaga;C;neutral?;3;;
Carnobacterium;C;slightly alkaline;4;;https://microbewiki.kenyon.edu/index.php/Carnobacterium
Carnobacterium maltaromaticum;C;slightly alkaline;4;;
Casimicrobium;C, N, P;unknown;out;;
Casimicrobium huifangae;C, N, P;unknown;out;;
Catellatospora;unknown;unknown;out;;
Catellatospora sp. IY07-71;unknown;unknown;out;;
Caulifigura;unknown;slightly alkaline;4;;
Caulifigura coniformis;unknown;slightly alkaline;4;;
Caulobacter;C;acidic to neutral;2;;
Caulobacter flavus;C;acidic to neutral;2;;
Caulobacter henricii;C;acidic to neutral;2;;
Caulobacter mirabilis;C;acidic to neutral;2;;
Caulobacter rhizosphaerae;C;acidic to neutral;2;;
Caulobacter segnis;C;acidic to neutral;2;;
Caulobacter soli;C;acidic to neutral;2;;
Caulobacter sp. FWC26;C;acidic to neutral;2;;
Caulobacter vibrioides;C;acidic to neutral;2;;
Celeribacter;aquatic;aquatic;out;;https://www.ncbi.nlm.nih.gov/Taxonomy/Browser/wwwtax.cgi?mode=Info&id=875170
Cellulomonas;C, N;slightly alkaline;4;;
Cellulosimicrobium;unknown;unknown;out;;
Cellvibrio;C;unknown;out;;
Cellvibrio japonicus;C;unknown;out;;
Cellvibrio sp. KY-GH-1;C;unknown;out;;
Cellvibrio sp. PSBB006;C;unknown;out;;
Cellvibrio sp. PSBB023;C;unknown;out;;
Cereibacter;unknown;unknown;out;;
Cereibacter sphaeroides;unknown;unknown;out;;
Chamaesiphon;aquatic;aquatic;out;;https://de.wikipedia.org/wiki/Chamaesiphon
Chamaesiphon minutus;aquatic;aquatic;out;;
Chelatococcus;unknown;slightly acidic to neutral;2;;
Chelatococcus daeguensis;unknown;slightly acidic to neutral;2;;
Chelatococcus sp. CO-6;unknown;slightly acidic to neutral;2;;
Chitinibacter;C;unknown;out;;
Chitinimonas;unknown;unknown;out;;
Chitinimonas arctica;unknown;unknown;out;;
Chitinolyticbacter;C;unknown;out;;
Chitinolyticbacter meiyuanensis;C;unknown;out;;
Chitinophaga;C;unknown;out;;
Chitinophagaceae bacterium;unknown;unknown;out;;
Chloracidobacterium;unknown;unknown;out;;
Chlorobaculum;S;neutral;3;;
Chlorobi bacterium;S;unknown;out;;
Chloroflexi bacterium;aquatic;aquatic;out;;https://de.wikipedia.org/wiki/Gr%C3%BCne_Nichtschwefelbakterien
Chloroflexus;aquatic;aquatic;out;;https://de.wikipedia.org/wiki/Gr%C3%BCne_Nichtschwefelbakterien
Chondromyces;C;neutral?;3;;
Chondromyces crocatus;C;neutral?;3;;
Chromatiaceae bacterium 2141T.STBD.0c.01a;unknown;unknown;out;;
Chromobacterium;contaminant;contaminant;out;;
Chromobacterium sp. ATCC 53434;contaminant;contaminant;out;;
Chromobacterium violaceum;contaminant;contaminant;out;;
Chroococcidiopsis;C, N;unknown;out;;https://de.wikipedia.org/wiki/Chroococcidiopsis
Chryseobacterium;N;neutral;3;;https://de.wikipedia.org/wiki/Chryseobacterium
Chryseolinea;unknown;unknown;out;;
Chryseolinea soli;unknown;unknown;out;;
Ciceribacter;unknown;unknown;out;;
Ciceribacter selenitireducens;Se;unknown;out;;
Citrobacter;contaminant;contaminant;out;;enterobakerium im menschen
Clavibacter;C;unknown;out;;
Cloacibacterium;contaminant;contaminant;out;;
Clostridium;unknown;slightly acidic to neutral;2;;
Clostridium estertheticum;unknown;slightly acidic to neutral;2;;
Clostridium gasigenes;unknown;slightly acidic to neutral;2;;
Cobetia;unknown;unknown;out;;
Cohnella;C;neutral;3;;
Cohnella abietis;C;neutral;3;;
Cohnella herbarum;C;neutral;3;;
Collimonas;C;slightly acidic;2;;
Collimonas arenae;C;slightly acidic;2;;
Collimonas fungivorans;C;slightly acidic;2;;
Collimonas pratensis;C;slightly acidic;2;;
Comamonas;N;unknown;out;;
Comamonas aquatica;N;unknown;out;;
Comamonas kerstersii;N;unknown;out;;
Comamonas serinivorans;N;unknown;out;;
Comamonas sp. NLF-7-7;N;unknown;out;;
Comamonas terrigena;N;unknown;out;;
Comamonas testosteroni;N;unknown;out;;
Comamonas thiooxydans;N, S;unknown;out;;
Conexibacter;N;neutral?;3;;
Conexibacter sp. SYSU D00693;N;neutral?;3;;
Conexibacter woesei;N;neutral?;3;;
Corallococcus;C;neutral?;3;;
Corallococcus coralloides;C;neutral?;3;;
Corallococcus macrosporus;C;neutral?;3;;
Corynebacterium;C, N;neutral to slightly alkaline;4;;
Corynebacterium glucuronolyticum;C, N;neutral to slightly alkaline;4;;
Corynebacterium kefirresidentii;C, N;neutral to slightly alkaline;4;;
Corynebacterium kroppenstedtii;C, N;neutral to slightly alkaline;4;;
Corynebacterium matruchotii;C, N;neutral to slightly alkaline;4;;
Corynebacterium propinquum;C, N;neutral to slightly alkaline;4;;
Corynebacterium sanguinis;C, N;neutral to slightly alkaline;4;;
Corynebacterium tuberculostearicum;C, N;neutral to slightly alkaline;4;;
Corynebacterium ureicelerivorans;C, N;neutral to slightly alkaline;4;;
Corynebacterium xerosis;C, N;neutral to slightly alkaline;4;;
Crenobacter;unknown;slightly alkaline;4;;
Crenobacter cavernae;unknown;slightly alkaline;4;;
Criblamydia;aquatic;aquatic;out;;https://species.wikimedia.org/wiki/Criblamydia
Criblamydia sequanensis;aquatic;aquatic;out;;
Crinalium;unknown;unknown;out;;
Crinalium epipsammum;unknown;unknown;out;;
Croceicoccus;unknown;unknown;out;;
Croceicoccus marinus;aquatic;aquatic;out;;
Cryobacterium;C, P;slightly alkaline;4;;
Cryobacterium sp. LW097;C, P;slightly alkaline;4;;
Cryobacterium sp. SO1;C, P;slightly alkaline;4;;
Cupriavidus;C, N;neutral;3;;
Cupriavidus basilensis;C, N;neutral;3;;
Cupriavidus campinensis;C, N;neutral;3;;
Cupriavidus gilardii;C, N;neutral;3;;
Cupriavidus metallidurans;C, N;neutral;3;;
Cupriavidus necator;C, N;neutral;3;;
Cupriavidus oxalaticus;C, N;neutral;3;;
Cupriavidus pauculus;C, N;neutral;3;;
Cupriavidus pinatubonensis;C, N;neutral;3;;
Cupriavidus taiwanensis;C, N;neutral;3;;
Curtobacterium;contaminant;contaminant;out;;
Curtobacterium flaccumfaciens;contaminant;contaminant;out;;
Curvibacter;NA;unknown;out;;
Curvibacter putative symbiont of Hydra magnipapillata;NA;unknown;out;;
Curvibacter sp. AEP1-3;NA;unknown;out;;
Cutibacterium;contaminant;contaminant;out;;
Cutibacterium acnes;contaminant;contaminant;out;;
Cutibacterium avidum;contaminant;contaminant;out;;
Cutibacterium granulosum;contaminant;contaminant;out;;
Cyanobium;contaminant;contaminant;out;;
Cyclobacteriaceae bacterium;aquatic;aquatic;out;;https://de.wikipedia.org/wiki/Cyclobacteriaceae
Cylindrospermum;N;unknown;out;;
Cystobacter;unknown;neutral;3;;
Cystobacter fuscus;unknown;neutral;3;;
Cytobacillus;unknown;unknown;out;;
Cytophaga;C;unknown;out;;
Cytophaga hutchinsonii;C;unknown;out;;
Dechloromonas;C, N, Cl;neutral;3;;
Dechloromonas sp.;C, N, Cl;neutral;3;;
Dechloromonas sp. HYN0024;C, N, Cl;neutral;3;;
Dechloromonas sp. TW-R-39-2;C, N, Cl;neutral;3;;
Deefgea;unknown;unknown;out;;
Defluviicoccus;unknown;unknown;out;;
Defluviicoccus sp.;unknown;unknown;out;;
Defluviicoccus vanus;unknown;unknown;out;;
Dehalobacter;unknown;unknown;out;;
Dehalococcoides;C, halogene;neutral;3;;
Dehalococcoides mccartyi;C, halogene;neutral;3;;
Dehalogenimonas;unknown;unknown;out;;
Deinococcus;unknown;slightly acidic to alkaline;4;;
Deinococcus wulumuqiensis;unknown;slightly acidic to alkaline;4;;
Delftia;Au;acidic;1;;
Delftia acidovorans;Au;acidic;1;;
Delftia lacustris;Au;acidic;1;;
Delftia tsuruhatensis;Au;acidic;1;;
Deltaproteobacteria bacterium;contaminant;contaminant;out;;
Denitratisoma;N;neutral;3;;
Denitratisoma oestradiolicum;N;neutral;3;;
Denitratisoma sp. DHT3;N;neutral;3;;
Dermabacter;contaminant;contaminant;out;;
Dermacoccus;contaminant;contaminant;out;;
Dermacoccus nishinomiyaensis;contaminant;contaminant;out;;
Desulfitobacterium;C, S;unknown;out;;
Desulfobacca;C, S;unknown;out;;
Desulfobacca acetoxidans;C, S;unknown;out;;
Desulfobacterium;S;unknown;out;;
Desulfobulbus;C, S;unknown;out;;
Desulfofarcimen;C, S;unknown;out;;
Desulfofarcimen acetoxidans;C, S;unknown;out;;
Desulfoglaeba;C, S;unknown;out;;
Desulfoglaeba alkanexedens;C, S;unknown;out;;
Desulfolutivibrio;S;unknown;out;;
Desulfolutivibrio sulfoxidireducens;S;unknown;out;;
Desulfomicrobium;S;unknown;out;;https://www.sciencedirect.com/topics/agricultural-and-biological-sciences/desulfomicrobium
Desulfosarcina;S;unknown;out;;
Desulfoscipio gibsoniae;S;unknown;out;;
Desulfosporosinus;S;acidic?;1;;
Desulfosporosinus acidiphilus;S;acidic?;1;;
Desulfosporosinus meridiei;S;acidic?;1;;
Desulfosporosinus orientis;S;acidic?;1;;
Desulfovibrio;C, S;unknown;out;;https://www.spektrum.de/lexikon/biologie-kompakt/desulfovibrio/2993
Desulfuromonas;S;unknown;out;;
Desulfuromonas soudanensis;S;unknown;out;;
Desulfuromonas sp. DDH964;S;unknown;out;;
Devosia;N;neutral to alkaline;4;;
Devosia beringensis;N;neutral to alkaline;4;;
Devosia ginsengisoli;N;neutral to alkaline;4;;
Devosia oryziradicis;N;neutral to alkaline;4;;
Devosia rhizoryzae;N;neutral to alkaline;4;;
Devosia sp. 1566;N;neutral to alkaline;4;;
Devosia sp. A16;N;neutral to alkaline;4;;
Devosia sp. MC521;N;neutral to alkaline;4;;
Diaphorobacter;C;neutral;3;;
Diaphorobacter aerolatus;C;neutral;3;;
Diaphorobacter ruginosibacter;C;neutral;3;;
Diaphorobacter sp. HDW4A;C;neutral;3;;
Diaphorobacter sp. HDW4B;C;neutral;3;;
Diaphorobacter sp. JS3051;C;neutral;3;;
Dickeya;unknown;unknown;out;;
Dietzia;unknown;unknown;out;;
Dokdonella;unknown;unknown;out;;
Dokdonella koreensis;unknown;unknown;out;;
Dolichospermum;N;unknown;out;;
Dolichospermum sp. DET69;N;unknown;out;;
Dolichospermum sp. UHCC 0315A;N;unknown;out;;
Dolosigranulum;contaminant;contaminant;out;;https://de.wikipedia.org/wiki/Dolosigranulum_pigrum
Dolosigranulum pigrum;contaminant;contaminant;out;;
Duganella;C;slightly acidic to neutral;2;;
Duganella dendranthematis;C;slightly acidic to neutral;2;;
Dyadobacter;C;unknown;out;;
Dyella;unknown;unknown;out;;
Dyella thiooxydans;C, S;unknown;out;;
Echinicola;unknown;unknown;out;;
Ectothiorhodospira;unknown;unknown;out;;
Ectothiorhodospiraceae bacterium 2226;unknown;unknown;out;;
Edaphobacter;C;acidic;1;;
Edaphobacter sp. 12200R-103;C;acidic;1;;
Eggerthella;contaminant;contaminant;out;;https://en.wikipedia.org/wiki/Eggerthella
Egibacter;C;slightly alkaline;4;;
Egibacter rhizosphaerae;C;slightly alkaline;4;;
Elizabethkingia;unknown;unknown;out;;
Empedobacter;contaminant;contaminant;out;;https://link.springer.com/referenceworkentry/10.1007/0-387-30747-8_24
Ensifer;N;unknown;out;;
Ensifer adhaerens;N;unknown;out;;
Ensifer sp. PDNC004;N;unknown;out;;
Enterobacter;C;unknown;out;;
Enterococcus;NA;unknown;out;;
Enterococcus cecorum;NA;unknown;out;;
Epilithonimonas;unknown;unknown;out;;
Epilithonimonas vandammei;unknown;unknown;out;;
Ereboglobus;contaminant;contaminant;out;;https://pubmed.ncbi.nlm.nih.gov/29295750/
Ereboglobus luteus;contaminant;contaminant;out;;
Erwinia;C;unknown;out;;
Erythrobacter;C;unknown;out;;
Escherichia;NA;unknown;out;;
Escherichia coli;NA;unknown;out;;
Exiguobacterium;C, N;neutral;3;;https://www.sciencedirect.com/topics/agricultural-and-biological-sciences/exiguobacterium
Faecalibacterium;contaminant;contaminant;out;;
Ferrigenium;Fe;slightly acidic;2;;
Ferrigenium kumadai;Fe;slightly acidic;2;;
Ferriphaselus;Fe;neutral;3;;
Ferriphaselus amnicola;Fe;neutral;3;;
Ferrovibrio;Fe;slightly acidic to slightly alkaline;3;;
Ferrovibrio terrae;Fe;slightly acidic to slightly alkaline;3;;
Ferrovum;Fe;acidic;1;;
Ferrovum myxofaciens;Fe;acidic;1;;
Filomicrobium;unknown;unknown;out;;
Filomicrobium sp.;unknown;unknown;out;;
Finegoldia;contaminant;contaminant;out;;
Finegoldia magna;contaminant;contaminant;out;;
Flavobacteriales bacterium;C;acidic to slightly alkaline;2;;
Flavobacterium;C;acidic to slightly alkaline;2;;
Flavobacterium branchiophilum;C;acidic to slightly alkaline;2;;
Flavobacterium commune;C;acidic to slightly alkaline;2;;
Flavobacterium crassostreae;C;acidic to slightly alkaline;2;;
Flavobacterium faecale;C;acidic to slightly alkaline;2;;
Flavobacterium gilvum;C;acidic to slightly alkaline;2;;
Flavobacterium nackdongense;C;acidic to slightly alkaline;2;;
Flavobacterium psychrophilum;C;acidic to slightly alkaline;2;;
Flavobacterium sangjuense;C;acidic to slightly alkaline;2;;
Flavobacterium sp.;C;acidic to slightly alkaline;2;;
Flavobacterium sp. 140616W15;C;acidic to slightly alkaline;2;;
Flavobacterium sp. CLA17;C;acidic to slightly alkaline;2;;
Flavobacterium sp. KBS0721;C;acidic to slightly alkaline;2;;
Flavobacterium sp. M31R6;C;acidic to slightly alkaline;2;;
Flavobacterium sp. MDT1-60;C;acidic to slightly alkaline;2;;
Flavobacterium sp. SLB02;C;acidic to slightly alkaline;2;;
Flavobacterium sp. Sr18;C;acidic to slightly alkaline;2;;
Fluviibacter;aquatic;aquatic;out;;https://lpsn.dsmz.de/genus/fluviibacter
Fluviibacter phosphoraccumulans;aquatic;aquatic;out;;
Fluviicola;aquatic;aquatic;out;;https://lpsn.dsmz.de/genus/fluviicola
Fluviicola taffensis;aquatic;aquatic;out;;
Frankia;N;unknown;out;;
Frankia inefficax;N;unknown;out;;
Frateuria;K;acidic?;1;;
Friedmanniella;unknown;unknown;out;;
Friedmanniella luteola;unknown;unknown;out;;
Frigidibacter mobilis;unknown;unknown;out;;
Frigoriglobus;C;acidic;1;;
Frigoriglobus tundricola;C;acidic;1;;
Fusobacterium;contaminant;contaminant;out;;https://flexikon.doccheck.com/de/Fusobacterium
Gallionella;Fe;slightly acidic;2;;
Gallionella capsiferriformans;Fe;slightly acidic;2;;
gamma proteobacterium SS-5;contaminant;contaminant;out;;
Gammaproteobacteria bacterium;contaminant;contaminant;out;;
Gardnerella;contaminant;contaminant;out;;
Gardnerella vaginalis;contaminant;contaminant;out;;
Gemmata;aquatic;aquatic;out;;https://microbewiki.kenyon.edu/index.php/Gemmata
Gemmata obscuriglobus;aquatic;aquatic;out;;
Gemmata sp. SH-PL17;aquatic;aquatic;out;;
Gemmatimonas;contaminant;contaminant;out;;
Gemmatimonas aurantiaca;contaminant;contaminant;out;;
Gemmatimonas groenlandica;contaminant;contaminant;out;;
Gemmatimonas phototrophica;contaminant;contaminant;out;;
Gemmatirosa;unknown;slightly acidic;2;;
Gemmatirosa kalamazoonensis;unknown;slightly acidic;2;;
Gemmobacter;unknown;unknown;;;
Geoalkalibacter;unknown;alkaline;5;;
Geobacillus;unknown;unknown;out;;
Geobacter;Fe;acidic;1;;
Geobacter benzoatilyticus;Fe;acidic;1;;
Geobacter sp. FeAm09;Fe;acidic;1;;
Geobacter sp. SVR;Fe;acidic;1;;
Geodermatophilaceae bacterium NBWT11;unknown;unknown;out;;
Geodermatophilus;unknown;unknown;out;;
Geodermatophilus obscurus;unknown;unknown;out;;
Georgenia;unknown;unknown;out;;
Georhizobium;aquatic;aquatic;out;;https://www.microbiologyresearch.org/content/journal/ijsem/10.1099/ijsem.0.003766
Georhizobium profundi;aquatic;aquatic;out;;
Geotalea uraniireducens;Fe, As;unknown;out;;https://en.wikipedia.org/wiki/Geobacter_uraniireducens
Gimesia;aquatic;aquatic;out;;https://en.wikipedia.org/wiki/Gimesia
Glaciihabitans;unknown;unknown;out;;
Glaciihabitans sp. INWT7;unknown;unknown;out;;
Glaciimonas;unknown;neutral;3;;
Glaciimonas sp. PAMC28666;unknown;neutral;3;;
Gloeobacter;aquatic;aquatic;out;;https://de.wikipedia.org/wiki/Gloeobacter
Glutamicibacter;unknown;unknown;out;;
Gordonia;C;unknown;out;;
Gordonia polyisoprenivorans;C;unknown;out;;
Granulibacter;C;slightly acidic;2;;https://de.wikipedia.org/wiki/Granulibacter_bethesdensis
Granulibacter bethesdensis;C;slightly acidic;2;;
Granulicella;C;acidic;1;;
Granulicella mallensis;C;acidic;1;;
Granulicella sp. 5B5;C;acidic;1;;
Granulicella sp. WH15;C;acidic;1;;
Guyparkeria;unknown;unknown;out;;
Guyparkeria halophila;unknown;unknown;out;;
Haematobacter;contaminant;contaminant;out;;https://www.ncbi.nlm.nih.gov/pmc/articles/PMC1865840/
Haematobacter massiliensis;contaminant;contaminant;out;;
Haemophilus;unknown;unknown;out;;
Haemophilus parainfluenzae;unknown;unknown;out;;
Haliangium;unknown;unknown;out;;
Haliangium ochraceum;unknown;unknown;out;;
Halioglobus;aquatic;aquatic;out;;https://lpsn.dsmz.de/genus/halioglobus
Haliscomenobacter;aquatic;aquatic;out;;https://www.spektrum.de/lexikon/biologie/haliscomenobacter/30337
Haliscomenobacter hydrossis;aquatic;aquatic;out;;
Halomonas;unknown;neutral;3;;
Halorhodospira;unknown;unknown;out;;
Halothiobacillus;C, S;unknown;out;;
Hankyongella;aquatic;aquatic;out;;https://link.springer.com/article/10.1007/s10482-020-01385-7
Hankyongella ginsenosidimutans;aquatic;aquatic;out;;
Hartmannibacter;N, P;unknown;out;;https://pubmed.ncbi.nlm.nih.gov/24961682/
Hartmannibacter diazotrophicus;N, P;unknown;out;;
Herbaspirillum;N;slightly acidic to neutral;2;;
Herbaspirillum frisingense;unknown;slightly acidic to neutral;2;;
Herbaspirillum hiltneri;unknown;slightly acidic to neutral;2;;
Herbaspirillum huttiense;unknown;slightly acidic to neutral;2;;
Herbaspirillum robiniae;unknown;slightly acidic to neutral;2;;
Herbaspirillum rubrisubalbicans;unknown;slightly acidic to neutral;2;;
Herbaspirillum seropedicae;unknown;slightly acidic to neutral;2;;
Herbaspirillum sp. meg3;unknown;slightly acidic to neutral;2;;
Herminiimonas;As;slightly acidic to slightly alkaline;3;;
Herminiimonas arsenicoxydans;As;slightly acidic to slightly alkaline;3;;
Herminiimonas arsenitoxidans;As;slightly acidic to slightly alkaline;3;;
Hoeflea;C;neutral;3;;
Hoeflea sp. IMCC20628;C;neutral;3;;
Holophagales bacterium;unknown;unknown;out;;
Humisphaera;unknown;unknown;out;;
Humisphaera borealis;unknown;unknown;out;;
Hydrogenophaga;C, Mo;acidic to alkaline;out;;
Hydrogenophaga crassostreae;C, Mo;acidic to alkaline;out;;
Hydrogenophaga crocea;C, Mo;acidic to alkaline;out;;
Hydrogenophaga pseudoflava;C, Mo;acidic to alkaline;out;;
Hydrogenophaga sp. BPS33;C, Mo;acidic to alkaline;out;;
Hydrogenophaga sp. NH-16;C, Mo;acidic to alkaline;out;;
Hydrogenophaga sp. PAMC20947;C, Mo;acidic to alkaline;out;;
Hydrogenophaga sp. PBC;C, Mo;acidic to alkaline;out;;
Hydrogenophaga sp. PBL-H3;C, Mo;acidic to alkaline;out;;
Hydrogenophaga sp. RAC07;C, Mo;acidic to alkaline;out;;
Hydrogenophaga sp. YM1;C, Mo;acidic to alkaline;out;;
Hydrogenophilus;C;unknown;out;;
Hydrogenophilus thermoluteolus;unknown;unknown;out;;
Hylemonella;C, N, Mo;neutral;3;;
Hylemonella gracilis;C, N, Mo;neutral;3;;
Hymenobacter;unknown;neutral;3;;
Hymenobacter nivis;unknown;neutral;3;;
Hymenobacter sedentarius;unknown;neutral;3;;
Hymenobacter sp. APR13;unknown;neutral;3;;
Hymenobacter sp. PAMC 26628;unknown;neutral;3;;
Hypericibacter;PGPB;neutral;3;;
Hypericibacter adhaerens;PGPB;neutral;3;;
Hypericibacter terrae;PGPB;neutral;3;;
Hyphomicrobium;unknown;neutral;3;;
Hyphomicrobium denitrificans;N;neutral;3;;
Hyphomicrobium nitrativorans;N;neutral;3;;
Hyphomicrobium sp. ghe19;unknown;neutral;3;;
Hyphomicrobium sp. MC1;unknown;neutral;3;;
Hyphomonas;unknown;unknown;out;;
Hyphomonas sp.;unknown;unknown;out;;
Ignavibacteriae bacterium;unknown;unknown;out;;
Ilumatobacter;unknown;unknown;out;;
Ilumatobacter coccineus;unknown;unknown;out;;
Immundisolibacter;C;unknown;out;;
Immundisolibacter cernigliae;C;unknown;out;;
Indioceanicola;aquatic;aquatic;out;;https://bacdive.dsmz.de/strain/158434
Indioceanicola profundi;aquatic;aquatic;out;;
Inhella;aquatic;aquatic;out;;https://bacdive.dsmz.de/strain/17957
Inhella inkyongensis;aquatic;aquatic;out;;
Iodobacter;unknown;acidic to alkaline;out;;
Iodobacter fluviatilis;unknown;acidic to alkaline;out;;
Janibacter;unknown;unknown;out;;
Janibacter limosus;unknown;neutral;3;;
Jannaschia;aquatic;aquatic;out;;https://lpsn.dsmz.de/genus/jannaschia
Janthinobacterium;C;acidic to neutral;2;;
Janthinobacterium agaricidamnosum;C;acidic to neutral;2;;
Janthinobacterium lividum;C;acidic to neutral;2;;
Janthinobacterium sp. 1_2014MBL_MicDiv;C;acidic to neutral;2;;
Janthinobacterium sp. 17J80-10;C;acidic to neutral;2;;
Janthinobacterium sp. B9-8;C;acidic to neutral;2;;
Janthinobacterium sp. LM6;C;acidic to neutral;2;;
Janthinobacterium sp. Marseille;C;acidic to neutral;2;;
Janthinobacterium svalbardensis;C;acidic to neutral;2;;
Janthinobacterium tructae;C;acidic to neutral;2;;
Jeongeupia;C;neutral to slightly alkaline;4;;
Jeongeupia sp. HS-3;C;neutral to slightly alkaline;4;;
Jeongeupia sp. USM3;C;neutral to slightly alkaline;4;;
Jeotgalicoccus;C;slightly alkaline;4;;https://de.wikipedia.org/wiki/Jeotgalicoccus
Jiangella;unknown;unknown;out;;
Kaistella;unknown;unknown;out;;
Kaistia;unknown;neutral to slightly alkaline;4;;
Kaistia sp. 32K;unknown;neutral to slightly alkaline;4;;
Kaustia mangrovi;contaminant;contaminant;out;;https://pubmed.ncbi.nlm.nih.gov/33999795/
Kibdelosporangium;unknown;neutral;3;;
Kingella;contaminant;contaminant;out;;https://www.spektrum.de/lexikon/biologie/kingella/36128
Kinneretia;C;neutral;3;;
Kinneretia sp. DAIF2;C;neutral;3;;
Kitasatospora;unknown;unknown;out;;
Klebsiella;C;neutral;3;;
Kocuria;unknown;neutral;3;;
Kocuria palustris;unknown;neutral;3;;
Kocuria rhizophila;unknown;neutral;3;;
Kocuria rosea;unknown;neutral;3;;
Komagataeibacter;C;slightly acidic;2;;
Kordiimonadales bacterium IMCC3096;unknown;unknown;out;;
Kosakonia;PGPB;unknown;out;;https://www.nature.com/articles/s41598-020-58689-x
Kribbella;C, N;neutral to slightly alkaline;4;;
Ktedonobacteria bacterium brp13;C;acidic;1;;
Kushneria;unknown;unknown;out;;
Kutzneria;unknown;unknown;out;;
Kytococcus;aquatic;unknown;out;;https://en.wikipedia.org/wiki/Kytococcus_sedentarius
Kytococcus sedentarius;aquatic;unknown;out;;
Labilithrix;C;slightly acidic to slightly alkaline;3;;
Labilithrix luteola;C;slightly acidic to slightly alkaline;3;;
Labrenzia;aquatic;aquatic;out;;https://www.nature.com/articles/s41429-019-0192-x
Labrys;PGPB;neutral;3;;
Labrys sp. KNU-23;PGPB;neutral;3;;
Lacibacter;unknown;neutral to slightly alkaline;4;;
Lacibacter sp. S13-6-6;unknown;neutral to slightly alkaline;4;;
Lacipirellula;contaminant;contaminant;out;;
Lacipirellula limnantheis;contaminant;contaminant;out;;
Lacipirellula parvula;contaminant;contaminant;out;;
Lactobacillus;C;slightly acidic;2;;
Lactobacillus crispatus;C;slightly acidic;2;;
Lactococcus;C;slightly acidic;2;;
Lactococcus cremoris;C;slightly acidic;2;;
Lactococcus lactis;C;slightly acidic;2;;
Lacunisphaera;aquatic;aquatic;out;;https://bacdive.dsmz.de/strain/140338
Lacunisphaera limnophila;aquatic;aquatic;out;;
Laribacter;contaminant;contaminant;out;;https://en.wikipedia.org/wiki/Laribacter_hongkongensis
Laribacter hongkongensis;contaminant;contaminant;out;;
Latilactobacillus;NA;neutral;3;;
Latilactobacillus curvatus;NA;neutral;3;;
Latilactobacillus sakei;NA;neutral;3;;
Lautropia;contaminant;contaminant;out;;https://en.wikipedia.org/wiki/Lautropia_mirabilis
Lautropia mirabilis;contaminant;contaminant;out;;
Legionella;contaminant;contaminant;out;;
Legionella fallonii;contaminant;contaminant;out;;
Legionella pneumophila;contaminant;contaminant;out;;
Legionella waltersii;contaminant;contaminant;out;;
Leifsonia;aquatic;aquatic;out;;https://www.ncbi.nlm.nih.gov/pmc/articles/PMC8442807/
Leisingera;aquatic;aquatic;out;;https://lpsn.dsmz.de/genus/leisingera
Lentzea;unknown;unknown;out;;
Leptolyngbya;aquatic;aquatic;out;;https://de.wikipedia.org/wiki/Leptolyngbya
Leptospira;C;neutral;3;;https://de.wikipedia.org/wiki/Leptospira
Leptothrix;aquatic;aquatic;out;;https://de.wikipedia.org/wiki/Leptothrix
Leptothrix cholodnii;aquatic;aquatic;out;;
Leptotrichia;unknown;unknown;out;;
Leucobacter;unknown;neutral;3;;https://microbewiki.kenyon.edu/index.php/Leucobacter
Leuconostoc;C;unknown;out;;
Liberibacter;unknown;unknown;out;;
Lichenicola;unknown;unknown;out;;
Lichenicola cladoniae;unknown;unknown;out;;
Lichenihabitans;C;slightly acidic to neutral;2;;
Lichenihabitans psoromatis;C;slightly acidic to neutral;2;;
Lignipirellula;aquatic;aquatic;out;;https://pubmed.ncbi.nlm.nih.gov/32239303/
Lignipirellula cremea;aquatic;aquatic;out;;
Limnobacter;unknown;unknown;out;;
Limnobacter sp. SAORIC-580;unknown;unknown;out;;
Limnochorda;aquatic;aquatic;out;;https://lpsn.dsmz.de/genus/limnochorda
Limnochorda pilosa;aquatic;aquatic;out;;
Limnoglobus;aquatic;aquatic;out;;https://pubmed.ncbi.nlm.nih.gov/31800383/
Limnoglobus roseus;aquatic;aquatic;out;;
Limnohabitans;contaminant;contaminant;out;;
Limnohabitans sp. 103DPR2;contaminant;contaminant;out;;
Limnohabitans sp. 63ED37-2;contaminant;contaminant;out;;
Limosilactobacillus;C;unknown;out;;
Luteibacter;unknown;unknown;out;;
Luteimonas;unknown;unknown;out;;
Luteimonas granuli;unknown;unknown;out;;
Luteimonas sp. YGD11-2;unknown;unknown;out;;
Luteitalea;C;acidic;1;;
Luteitalea pratensis;C;acidic;1;;
Luteitalea sp. TBR-22;C;acidic;1;;
Luteolibacter;unknown;unknown;out;;
Lutibacter;unknown;unknown;out;;
Lysinibacillus;unknown;unknown;out;;
Lysobacter;PGPB;neutral to slightly alkaline;4;;
Lysobacter alkalisoli;PGPB;neutral to slightly alkaline;4;;
Lysobacter antibioticus;PGPB;neutral to slightly alkaline;4;;
Lysobacter arenosi;PGPB;neutral to slightly alkaline;4;;
Lysobacter capsici;PGPB;neutral to slightly alkaline;4;;
Lysobacter enzymogenes;PGPB;neutral to slightly alkaline;4;;
Lysobacter lycopersici;PGPB;neutral to slightly alkaline;4;;
Lysobacter soli;PGPB;neutral to slightly alkaline;4;;
Lysobacter sp. CW239;PGPB;neutral to slightly alkaline;4;;
Lysobacter sp. TY2-98;PGPB;neutral to slightly alkaline;4;;
Magnetospirillum;Fe;unknown;out;;
Magnetospirillum gryphiswaldense;Fe;unknown;out;;
Magnetospirillum magneticum;Fe;unknown;out;;
Magnetospirillum sp. ME-1;Fe;unknown;out;;
Magnetospirillum sp. XM-1;Fe;unknown;out;;
Marichromatium;aquatic;aquatic;out;;https://lpsn.dsmz.de/genus/marichromatium
Marichromatium purpuratum;aquatic;aquatic;out;;
Marinicauda;aquatic;aquatic;out;;https://lpsn.dsmz.de/genus/marinicauda
Marinicauda algicola;aquatic;aquatic;out;;
Marinobacter;aquatic;aquatic;out;;https://en.wikipedia.org/wiki/Marinobacter
Marinobacterium;aquatic;aquatic;out;;https://en.wikipedia.org/wiki/Marinobacterium
Marisediminicola;unknown;slightly alkaline;4;;
Marisediminicola antarctica;unknown;slightly alkaline;4;;
Martelella;PGPB;unknown;out;;
Massilia;PGPB;slightly acidic;2;;
Massilia antarctica;PGPB;slightly acidic;2;;
Massilia forsythiae;PGPB;slightly acidic;2;;
Massilia oculi;PGPB;slightly acidic;2;;
Massilia putida;PGPB;slightly acidic;2;;
Massilia sp. LPB0304;PGPB;slightly acidic;2;;
Massilia sp. UMI-21;PGPB;slightly acidic;2;;
Massilia sp. WG5;PGPB;slightly acidic;2;;
Massilia sp. YMA4;PGPB;slightly acidic;2;;
Massilia violaceinigra;PGPB;slightly acidic;2;;
Meiothermus;C;slightly alkaline;4;;https://en.wikipedia.org/wiki/Meiothermus
Melaminivora;N;slightly alkaline;4;;
Melaminivora sp. SC2-9;N;slightly alkaline;4;;
Mesorhizobium;N;acidic;1;;
Mesorhizobium amorphae;N;acidic;1;;
Mesorhizobium huakuii;N;acidic;1;;
Mesorhizobium loti;N;acidic;1;;
Mesorhizobium sp. 8;N;acidic;1;;
Mesorhizobium sp. DCY119;N;acidic;1;;
Mesorhizobium sp. Pch-S;N;acidic;1;;
Methylibium;C;neutral;3;;
Methylibium petroleiphilum;C;neutral;3;;
Methylibium sp. Pch-M;C;neutral;3;;
Methylobacillus;C;unknown;out;;
Methylobacillus flagellatus;C;unknown;out;;
Methylobacterium;C;neutral;3;;
Methylobacterium aquaticum;C;neutral;3;;
Methylobacterium brachiatum;C;neutral;3;;
Methylobacterium bullatum;C;neutral;3;;
Methylobacterium mesophilicum;C;neutral;3;;
Methylobacterium nodulans;C;neutral;3;;
Methylobacterium sp. 4-46;C;neutral;3;;
Methylobacterium sp. WL1;C;neutral;3;;
Methylocaldum;aquatic;aquatic;out;;https://lpsn.dsmz.de/genus/methylocaldum
Methylocaldum marinum;aquatic;aquatic;out;;
Methyloceanibacter;contaminant;contaminant;out;;
Methyloceanibacter caenitepidi;contaminant;contaminant;out;;
Methyloceanibacter sp. wino2;contaminant;contaminant;out;;
Methylocella;C, N;acidic;1;;
Methylocella silvestris;C, N;acidic;1;;
Methylocella tundrae;C, N;acidic;1;;
Methylococcus;C;slightly acidic;2;;
Methylococcus capsulatus;C;slightly acidic;2;;
Methylococcus geothermalis;C;slightly acidic;2;;
Methylococcus sp. EFPC2;C;slightly acidic;2;;
Methylocystis;C;acidic to slightly alkaline;2;;
Methylocystis bryophila;C;acidic to slightly alkaline;2;;
Methylocystis heyeri;C;acidic to slightly alkaline;2;;
Methylocystis parvus;C;acidic to slightly alkaline;2;;
Methylocystis rosea;C;acidic to slightly alkaline;2;;
Methylocystis sp. SC2;C;acidic to slightly alkaline;2;;
Methyloligella;C;unknown;out;;
Methyloligella sp. GL2;C;unknown;out;;
Methylomonas;C;slightly acidic;2;;
Methylomonas clara;C;slightly acidic;2;;
Methylomonas sp. LL1;C;slightly acidic;2;;
Methylophaga;aquatic;aquatic;out;;https://en.wikipedia.org/wiki/Methylophaga
Methylophilus;C;neutral;3;;
Methylophilus sp. TWE2;C;neutral;3;;
Methylorubrum;C;unknown;out;;
Methylorubrum extorquens;C;unknown;out;;
Methylorubrum populi;C;unknown;out;;
Methylosinus;C;slightly acidic;2;;
Methylosinus sp. C49;C;slightly acidic;2;;
Methylosinus trichosporium;C;slightly acidic;2;;
Methylotenera;C;neutral;3;;
Methylotenera mobilis;C;neutral;3;;
Methylotenera versatilis;C;neutral;3;;
Methylotuvimicrobium;C;alkaline;5;;
Methyloversatilis;C;unknown;out;;https://pubmed.ncbi.nlm.nih.gov/17082383/
Methyloversatilis sp. RAC08;C;unknown;out;;
Methylovirgula;C;acidic;1;;
Methylovirgula ligni;C;acidic;1;;
Methylovorus;C;neutral;3;;
Methylovulum;C;neutral;3;;
Methylovulum psychrotolerans;C;neutral;3;;
Microbacterium;unknown;slightly acidic?;2;;
Microbacterium aurum;unknown;slightly acidic?;2;;
Microbacterium oxydans;unknown;slightly acidic?;2;;
Microbacterium paraoxydans;unknown;slightly acidic?;2;;
Microbacterium sp. No. 7;unknown;slightly acidic?;2;;
Microbacterium sp. PM5;unknown;slightly acidic?;2;;
Microbulbifer;C;unknown;out;;https://en.wikipedia.org/wiki/Microbulbifer
Microcella;aquatic;aquatic;out;;https://lpsn.dsmz.de/genus/microcella
Micrococcus;C;alkaline;5;;
Micrococcus luteus;C;alkaline;5;;
Microcoleus;N;alkaline;5;;
Microcoleus vaginatus;N;alkaline;5;;
Microlunatus;unknown;unknown;out;;
Micromonospora;C;alkaline;5;;
Micromonospora inositola;C;alkaline;5;;
Micropruina;C;neutral;3;;
Microvirga;PGPB;slightly alkaline;4;;
Microvirga ossetica;PGPB;slightly alkaline;4;;
Microvirga sp. VF16;PGPB;slightly alkaline;4;;
Microvirga thermotolerans;PGPB;slightly alkaline;4;;
Microvirgula;N;unknown;out;;
Microvirgula aerodenitrificans;N;unknown;out;;
Minicystis;C;slightly acidic to slightly alkaline;3;;
Minicystis rosea;C;slightly acidic to slightly alkaline;3;;
Mitsuaria;unknown;unknown;out;;
Mitsuaria sp. 7;unknown;unknown;out;;
Modestobacter;contaminant;contaminant;out;;
Modestobacter marinus;contaminant;contaminant;out;;
Moorella;unknown;unknown;out;;
Moraxella;unknown;neutral to slightly alkaline;4;;
Moraxella osloensis;unknown;neutral to slightly alkaline;4;;
Morganella;unknown;unknown;out;;
Morganella morganii;unknown;unknown;out;;
Mucilaginibacter;C;acidic;1;;
Mucilaginibacter sp. PAMC 26640;C;acidic;1;;
Mycoavidus;unknown;unknown;out;;in Mortierella
Mycobacterium;C, N;slightly acidic?;2;;
Mycobacterium conspicuum;C, N;slightly acidic?;2;;
Mycobacterium cookii;C, N;slightly acidic?;2;;
Mycobacterium doricum;C, N;slightly acidic?;2;;
Mycobacterium frederiksbergense;C, N;slightly acidic?;2;;
Mycobacterium gallinarum;C, N;slightly acidic?;2;;
Mycobacterium goodii;C, N;slightly acidic?;2;;
Mycobacterium grossiae;C, N;slightly acidic?;2;;
Mycobacterium intracellulare;C, N;slightly acidic?;2;;
Mycobacterium kansasii;C, N;slightly acidic?;2;;
Mycobacterium paragordonae;C, N;slightly acidic?;2;;
Mycobacterium parmense;C, N;slightly acidic?;2;;
Mycobacterium riyadhense;C, N;slightly acidic?;2;;
Mycobacterium sp. DL592;C, N;slightly acidic?;2;;
Mycobacterium sp. JS623;C, N;slightly acidic?;2;;
Mycobacterium sp. YC-RL4;C, N;slightly acidic?;2;;
Mycobacteroides;unknown;unknown;out;;
Mycolicibacter;C;neutral to slightly alkaline;4;;
Mycolicibacterium;C;neutral to slightly alkaline;4;;
Mycolicibacterium anyangense;C;neutral to slightly alkaline;4;;
Mycolicibacterium arabiense;C;neutral to slightly alkaline;4;;
Mycolicibacterium aurum;C;neutral to slightly alkaline;4;;
Mycolicibacterium austroafricanum;C;neutral to slightly alkaline;4;;
Mycolicibacterium baixiangningiae;C;neutral to slightly alkaline;4;;
Mycolicibacterium celeriflavum;C;neutral to slightly alkaline;4;;
Mycolicibacterium chubuense;C;neutral to slightly alkaline;4;;
Mycolicibacterium fluoranthenivorans;C;neutral to slightly alkaline;4;;
Mycolicibacterium gadium;C;neutral to slightly alkaline;4;;
Mycolicibacterium gilvum;C;neutral to slightly alkaline;4;;
Mycolicibacterium helvum;C;neutral to slightly alkaline;4;;
Mycolicibacterium litorale;C;neutral to slightly alkaline;4;;
Mycolicibacterium madagascariense;C;neutral to slightly alkaline;4;;
Mycolicibacterium mengxianglii;C;neutral to slightly alkaline;4;;
Mycolicibacterium moriokaense;C;neutral to slightly alkaline;4;;
Mycolicibacterium psychrotolerans;C;neutral to slightly alkaline;4;;
Mycolicibacterium rhodesiae;C;neutral to slightly alkaline;4;;
Mycolicibacterium sarraceniae;C;neutral to slightly alkaline;4;;
Mycolicibacterium sediminis;C;neutral to slightly alkaline;4;;
Mycolicibacterium thermoresistibile;C;neutral to slightly alkaline;4;;
Myroides;unknown;unknown;out;;
Myxococcales bacterium;P, C, S, Cl, oxalates, silicates;unknown;out;;
Myxococcus;C;unknown;out;;
Myxococcus xanthus;C;unknown;out;;
Nakamurella;C;neutral;3;;
Nakamurella multipartita;C;neutral;3;;
Neisseria;contaminant;contaminant;out;;
Neorhizobium;N;neutral;3;;
Neorhizobium galegae;N;neutral;3;;
Neorhizobium sp. SOG26;N;neutral;3;;
Niabella;unknown;unknown;out;;
Nibricoccus;aquatic;aquatic;out;;https://lpsn.dsmz.de/genus/nibricoccus
Nibricoccus aquaticus;aquatic;aquatic;out;;
Nitratireductor;N;neutral;3;;
Nitratireductor sp. OM-1;N;neutral;3;;
Nitratireductor sp. SY7;N;neutral;3;;
Nitrobacter;N;neutral;3;;https://www.researchgate.net/publication/5804263_Determination_of_Growth_Rate_and_Yield_of_Nitrifying_Bacteria_by_Measuring_Carbon_Dioxide_Uptake_Rate/figures?lo=1&utm_source=google&utm_medium=organic
Nitrobacter hamburgensis;N;neutral;3;;
Nitrobacter winogradskyi;N;neutral;3;;
Nitrogeniibacter mangrovi;N;unknown;out;;
Nitrosomonas;N;neutral;3;;
Nitrosomonas eutropha;N;neutral;3;;
Nitrosomonas ureae;N;neutral;3;;
Nitrosospira;N;acidic;1;;
Nitrosospira briensis;N;acidic;1;;
Nitrosospira lacus;N;acidic;1;;
Nitrosospira multiformis;N;acidic;1;;
Nitrosospira sp. NRS527;N;acidic;1;;
Nitrospira;N;acidic;1;;
Nitrospira defluvii;N;acidic;1;;
Nitrospira japonica;N;acidic;1;;
Nitrospira moscoviensis;N;acidic;1;;
Nitrospira sp.;N;acidic;1;;
Nitrospira sp. KM1;N;acidic;1;;
Nitrospirillum;N;unknown;out;;
Nitrospirillum amazonense;N;unknown;out;;
Niveibacterium;aquatic;aquatic;out;;https://pubmed.ncbi.nlm.nih.gov/34232855/
Niveibacterium microcysteis;aquatic;aquatic;out;;
Niveispirillum;unknown;unknown;out;;
Niveispirillum cyanobacteriorum;aquatic;aquatic;out;;https://pubmed.ncbi.nlm.nih.gov/25944809/
Nocardia;N;slightly acidic?;2;;
Nocardia asteroides;N;slightly acidic?;2;;
Nocardioides;N;slightly acidic;2;;
Nocardioides cynanchi;N;slightly acidic;2;;
Nocardioides mesophilus;N;slightly acidic;2;;
Nocardioides piscis;N;slightly acidic;2;;
Nocardioides sp. JS614;N;slightly acidic;2;;
Nocardioides sp. S-1144;N;slightly acidic;2;;
Nocardioides sp. S5;N;slightly acidic;2;;
Nocardioides sp. zg-1228;N;neutral to slightly alkaline;4;;
Nocardiopsis;N;slightly alkaline;4;;
Nodularia;aquatic;aquatic;out;;https://de.wikipedia.org/wiki/Nodularia
Nonomuraea;N;neutral to slightly alkaline;4;;
Nordella;unknown;neutral to slightly alkaline;4;;
Nordella sp. HKS 07;unknown;neutral to slightly alkaline;4;;
Nostoc;N;acidic to alkaline;out;;
Nostoc commune;N;acidic to alkaline;out;;
Nostoc flagelliforme;N;acidic to alkaline;out;;
Nostoc sp. C052;N;acidic to alkaline;out;;
Nostoc sp. 'Lobaria pulmonaria (5183) cyanobiont';N;acidic to alkaline;out;;
Nostoc sp. 'Peltigera membranacea cyanobiont' N6;N;acidic to alkaline;out;;
Nostoc sphaeroides;N;acidic to alkaline;out;;
Noviherbaspirillum;PGPB;neutral;3;;
Noviherbaspirillum sp. UKPF54;PGPB;neutral;3;;
Novosphingobium;C;neutral;3;;
Novosphingobium resinovorum;C;neutral;3;;
Novosphingobium sp. EMRT-2;C;neutral;3;;
Novosphingobium sp. Gsoil 351;C;neutral;3;;
Oceanithermus;aquatic;aquatic;out;;https://lpsn.dsmz.de/genus/oceanithermus
Oceanithermus profundus;aquatic;aquatic;out;;
Ochrobactrum;unknown;unknown;out;;
Ochrobactrum sp. MT180101;unknown;unknown;out;;
Oligella;unknown;unknown;out;;
Olsenella;unknown;unknown;out;;
Opitutaceae bacterium TAV5;C, N, Mo;slightly acidic to slightly alkaline;3;;
Opitutus;C, N, Mo;slightly acidic to slightly alkaline;3;;
Opitutus sp. GAS368;C, N, Mo;slightly acidic to slightly alkaline;3;;
Opitutus terrae;C, N, Mo;slightly acidic to slightly alkaline;3;;
Ornithinimicrobium;unknown;neutral;3;;
Orrella;unknown;unknown;out;;
Orrella dioscoreae;unknown;unknown;out;;
Oryzomicrobium;N;unknown;out;;https://www.researchgate.net/publication/308973202_Oryzomicrobium_terrae_gen_nov_sp_nov_of_the_family_Rhodocyclaceae_isolated_from_paddy_soil
Oryzomicrobium terrae;N;unknown;out;;
Oscillatoria;contaminant;contaminant;out;;
Oscillatoria nigro-viridis;contaminant;contaminant;out;;
Ottowia;C;slightly acidic to slightly alkaline;3;;
Ottowia oryzae;C;slightly acidic to slightly alkaline;3;;
Ottowia sp. oral taxon 894;C;slightly acidic to slightly alkaline;3;;
Ottowia testudinis;C;slightly acidic to slightly alkaline;3;;
Paenibacillus;C;alkaline?;5;;
Paenibacillus antarcticus;C;alkaline?;5;;
Paenibacillus baekrokdamisoli;C;alkaline?;5;;
Paenibacillus chitinolyticus;C;alkaline?;5;;
Paenibacillus crassostreae;C;alkaline?;5;;
Paenibacillus donghaensis;C;alkaline?;5;;
Paenibacillus durus;C;alkaline?;5;;
Paenibacillus larvae;C;alkaline?;5;;
Paenibacillus psychroresistens;C;alkaline?;5;;
Paenibacillus sp. 32O-W;C;alkaline?;5;;
Paenibacillus sp. FSL H7-0737;C;alkaline?;5;;
Paenibacillus sp. FSL P4-0081;C;alkaline?;5;;
Paenibacillus sp. IHB B 3084;C;alkaline?;5;;
Paenibacillus sp. IHBB 10380;C;alkaline?;5;;
Paenibacillus stellifer;C;alkaline?;5;;
Paenibacillus uliginis;C;alkaline?;5;;
Paenibacillus xylanexedens;C;alkaline?;5;;
Paenisporosarcina;unknown;neutral?;3;;
Paenisporosarcina antarctica;unknown;neutral?;3;;
Paenisporosarcina cavernae;unknown;neutral?;3;;
Paludibacter;C;unknown;out;;
Paludibacter propionicigenes;C;unknown;out;;
Paludibaculum;Fe;slightly acidic;2;;
Paludibaculum fermentans;Fe;slightly acidic;2;;
Paludisphaera;C;acidic;1;;
Paludisphaera borealis;C;acidic;1;;
Panacibacter;unknown;unknown;out;;
Panacibacter ginsenosidivorans;unknown;unknown;out;;
Pandoraea;unknown;unknown;out;;
Pandoraea norimbergensis;unknown;unknown;out;;
Pandoraea pnomenusa;unknown;unknown;out;;
Pandoraea thiooxydans;S;unknown;out;;
Pandoraea vervacti;unknown;unknown;out;;
Pannonibacter;C;unknown;out;;https://bacdive.dsmz.de/strain/13692
Pannonibacter phragmitetus;C;unknown;out;;
Pantoea;unknown;unknown;out;;
Pantoea agglomerans;unknown;unknown;out;;
Parabacteroides;unknown;unknown;out;;
Paraburkholderia;PGPB;slightly acidic to neutral;2;;
Paraburkholderia aromaticivorans;PGPB;slightly acidic to neutral;2;;
Paraburkholderia caribensis;PGPB;slightly acidic to neutral;2;;
Paraburkholderia fungorum;PGPB;slightly acidic to neutral;2;;
Paraburkholderia megapolitana;PGPB;slightly acidic to neutral;2;;
Paraburkholderia pallida;PGPB;slightly acidic to neutral;2;;
Paraburkholderia phenoliruptrix;PGPB;slightly acidic to neutral;2;;
Paraburkholderia phytofirmans;PGPB;slightly acidic to neutral;2;;
Paraburkholderia terrae;PGPB;slightly acidic to neutral;2;;
Paraburkholderia terricola;PGPB;slightly acidic to neutral;2;;
Paraburkholderia tropica;PGPB;slightly acidic to neutral;2;;
Parachlamydia;unknown;unknown;out;;
Parachlamydia acanthamoebae;unknown;unknown;out;;
Paracoccus;C;neutral to slightly alkaline;4;;
Paracoccus marcusii;C;neutral to slightly alkaline;4;;
Paracoccus sp. Arc7-R13;C;neutral to slightly alkaline;4;;
Paracoccus yeei;C;neutral to slightly alkaline;4;;
Pararhizobium;N;unknown;out;;
Pararhizobium sp.;N;unknown;out;;
Parasphingorhabdus;unknown;unknown;out;;
Paroceanicella;aquatic;aquatic;out;;https://lpsn.dsmz.de/genus/paroceanicella
Paroceanicella profunda;aquatic;aquatic;out;;
Parvibaculum;contaminant;contaminant;out;;https://bacdive.dsmz.de/strain/13867
Parvibaculum lavamentivorans;contaminant;contaminant;out;;
Paucibacter;unknown;neutral;3;;
Paucibacter sp. KCTC 42545;unknown;neutral;3;;
Paucimonas;C;unknown;out;;
Paucimonas lemoignei;C;unknown;out;;
Pectobacterium;unknown;unknown;out;;
Pedobacter;C;neutral;3;;
Pedobacter cryoconitis;C;neutral;3;;
Pedobacter roseus;C;neutral;3;;
Pedococcus;unknown;neutral;3;;
Pedococcus dokdonensis;unknown;neutral;3;;
Pedosphaera;unknown;unknown;out;;
Pedosphaera parvula;unknown;unknown;out;;
Pelagibacterium;aquatic;aquatic;out;;https://en.wikipedia.org/wiki/Pelagibacterium_halotolerans
Pelagibacterium halotolerans;aquatic;aquatic;out;;
Pelolinea;contaminant;contaminant;out;;
Pelolinea submarina;contaminant;contaminant;out;;
Pelosinus;C;unknown;out;;
Pelosinus fermentans;C;unknown;out;;
Pelosinus sp. UFO1;C;unknown;out;;
Peptoniphilus;contaminant;contaminant;out;;aus mammals
Peribacillus;unknown;neutral to slightly alkaline;4;;
Peribacillus butanolivorans;unknown;neutral to slightly alkaline;4;;
Peribacillus psychrosaccharolyticus;unknown;neutral to slightly alkaline;4;;
Persicimonas;unknown;unknown;out;;
Persicimonas caeni;unknown;unknown;out;;
Peteryoungia desertarenae;unknown;unknown;out;;
Phaeobacter;unknown;unknown;out;;
Phenylobacterium;C;neutral;3;;
Phenylobacterium glaciei;C;neutral;3;;
Phenylobacterium parvum;C;neutral;3;;
Phenylobacterium zucineum;C;neutral;3;;
Phocaeicola;unknown;unknown;out;;
Phormidium;aquatic;aquatic;out;;https://de.wikipedia.org/wiki/Phormidium
Phreatobacter;unknown;neutral;3;;
Phreatobacter cathodiphilus;unknown;neutral;3;;
Phreatobacter sp. NMCR1094;unknown;neutral;3;;
Phreatobacter stygius;unknown;neutral;3;;
Phycisphaeraceae bacterium;unknown;unknown;out;;
Phycisphaerales bacterium;unknown;unknown;out;;
Phyllobacterium;PGPB;neutral;3;;
Phyllobacterium zundukense;PGPB;neutral;3;;
Phytohabitans;unknown;unknown;out;;
Pigmentiphaga;unknown;neutral;3;;
Pigmentiphaga aceris;unknown;neutral;3;;
Pigmentiphaga sp. H8;unknown;neutral;3;;
Pimelobacter;unknown;unknown;out;;
Pimelobacter simplex;unknown;unknown;out;;
Pirellula;C, N;unknown;out;;https://www.sciencedirect.com/topics/immunology-and-microbiology/pirellula
Pirellula staleyi;C, N;unknown;out;;
Pirellulimonas;unknown;unknown;out;;
Pirellulimonas nuda;unknown;unknown;out;;
Planctomyces;aquatic;aquatic;out;;https://de.wikipedia.org/wiki/Planctomyceten
Planctomyces sp. SH-PL14;aquatic;aquatic;out;;
Planctomyces sp. SH-PL62;aquatic;aquatic;out;;
Planctomycetaceae bacterium;C;neutral;3;;
Planctomycetales bacterium ZRK34;C;neutral;3;;
Planctomycetes bacterium;C;neutral;3;;
Planctomycetes bacterium Pla163;C;neutral;3;;
Planctomycetia bacterium;C;neutral;3;;
Planctopirus;contaminant;contaminant;out;;
Planktothrix;unknown;unknown;out;;
Planktothrix agardhii;unknown;unknown;out;;
Planktothrix rubescens;unknown;unknown;out;;
Planococcus;unknown;unknown;out;;
Plantactinospora;unknown;unknown;out;;
Plantibacter;PGPB;unknown;out;;
Pleomorphomonas;N;neutral;3;;
Pleomorphomonas sp. SM30;N;neutral;3;;
Polaribacter;C;unknown;out;;
Polaromonas;C;neutral to slightly alkaline;4;;
Polaromonas naphthalenivorans;C;neutral to slightly alkaline;4;;
Polaromonas sp. E3S;C;neutral to slightly alkaline;4;;
Polaromonas sp. H6N;C;neutral to slightly alkaline;4;;
Polaromonas sp. JS666;C;neutral to slightly alkaline;4;;
Polaromonas sp. W11N;C;neutral to slightly alkaline;4;;
Polaromonas vacuolata;C;neutral to slightly alkaline;4;;
Polymorphum;unknown;unknown;out;;
Polymorphum gilvum;unknown;unknown;out;;
Polynucleobacter;contaminant;contaminant;out;;
Polynucleobacter acidiphobus;contaminant;contaminant;out;;
Polynucleobacter asymbioticus;contaminant;contaminant;out;;
Polynucleobacter necessarius;contaminant;contaminant;out;;
Polynucleobacter paneuropaeus;contaminant;contaminant;out;;
Pontibacter;unknown;unknown;out;;
Porphyrobacter;unknown;unknown;out;;
Porphyrobacter sp. YT40;unknown;unknown;out;;
Porphyromonas;contaminant;contaminant;out;;https://en.wikipedia.org/wiki/Porphyromonas
Pradoshia;C;neutral to slightly alkaline;4;;
Pradoshia sp. D12;C;neutral to slightly alkaline;4;;
Prevotella;C;unknown;out;;https://www.spektrum.de/lexikon/biologie/prevotella/53606
Prevotella melaninogenica;C;unknown;out;;
Priestia;unknown;unknown;out;;
Priestia megaterium;unknown;unknown;out;;
Propionibacterium;N;neutral;3;;
Propionibacterium freudenreichii;N;neutral;3;;
Propioniciclava;unknown;unknown;out;;
Prosthecochloris;S;unknown;out;;https://www.spektrum.de/lexikon/biologie/prosthecochloris/54086
Proteobacteria bacterium;unknown;unknown;out;;
Providencia;unknown;unknown;out;;
Pseudanabaena;aquatic;aquatic;out;;https://de.wikipedia.org/wiki/Pseudanabaenaceae
Pseudanabaena sp. ABRG5-3;aquatic;aquatic;out;;
Pseudarthrobacter;C;slightly acidic to slightly alkaline;3;;
Pseudarthrobacter psychrotolerans;C;slightly acidic to slightly alkaline;3;;
Pseudarthrobacter sp. BIM B-2242;C;slightly acidic to slightly alkaline;3;;
Pseudarthrobacter sp. NBSH8;C;slightly acidic to slightly alkaline;3;;
Pseudarthrobacter sp. NIBRBAC000502772;C;slightly acidic to slightly alkaline;3;;
Pseudarthrobacter sulfonivorans;C;slightly acidic to slightly alkaline;3;;
Pseudoalteromonas;aquatic;aquatic;out;;https://en.wikipedia.org/wiki/Pseudoalteromonas
Pseudodesulfovibrio;S;neutral;3;;
Pseudoduganella albidiflava;unknown;unknown;out;;
Pseudoduganella armeniaca;unknown;unknown;out;;
Pseudoduganella flava;unknown;unknown;out;;
Pseudoduganella lutea;unknown;unknown;out;;
Pseudoduganella plicata;unknown;unknown;out;;
Pseudoduganella umbonata;unknown;unknown;out;;
Pseudogulbenkiania;unknown;unknown;out;;
Pseudogulbenkiania sp. NH8B;unknown;unknown;out;;
Pseudolabrys;N;unknown;out;;
Pseudolabrys sp. FHR47;N;unknown;out;;
Pseudolabrys taiwanensis;N;unknown;out;;
Pseudolysobacter;unknown;unknown;out;;https://www.microbiologyresearch.org/content/journal/ijsem/10.1099/ijsem.0.003984
Pseudolysobacter antarcticus;unknown;unknown;out;;
Pseudomonas;N;neutral;3;;https://scialert.net/fulltext/?doi=pjbs.2009.1036.1040
Pseudomonas aeruginosa;N;neutral;3;;
Pseudomonas alcaligenes;N;neutral;3;;
Pseudomonas chlororaphis;N;neutral;3;;
Pseudomonas fluorescens;N;neutral;3;;
Pseudomonas fragi;N;neutral;3;;
Pseudomonas frederiksbergensis;N;neutral;3;;
Pseudomonas knackmussii;N;neutral;3;;
Pseudomonas mandelii;N;neutral;3;;
Pseudomonas orientalis;N;neutral;3;;
Pseudomonas prosekii;N;neutral;3;;
Pseudomonas psychrotolerans;N;neutral;3;;
Pseudomonas putida;N;neutral;3;;
Pseudomonas rhodesiae;N;neutral;3;;
Pseudomonas silesiensis;N;neutral;3;;
Pseudomonas sp. ACM7;N;neutral;3;;
Pseudomonas sp. CC6-YY-74;N;neutral;3;;
Pseudomonas sp. MPC6;N;neutral;3;;
Pseudomonas synxantha;N;neutral;3;;
Pseudomonas syringae;N;neutral;3;;
Pseudomonas trivialis;N;neutral;3;;
Pseudomonas yamanorum;N;neutral;3;;
Pseudonocardia;symbiosis;neutral;3;;
Pseudonocardia autotrophica;symbiosis;neutral;3;;
Pseudonocardia broussonetiae;symbiosis;neutral;3;;
Pseudonocardia dioxanivorans;symbiosis;neutral;3;;
Pseudooceanicola;aquatic;aquatic;out;;
Pseudorhizobium flavum;unknown;unknown;out;;
Pseudorhodoplanes;C;neutral;3;;
Pseudorhodoplanes sinuspersici;C;neutral;3;;
Pseudoxanthomonas;C, Mn;neutral;3;;
Pseudoxanthomonas mexicana;C, Mn;neutral;3;;
Pseudoxanthomonas spadix;C, Mn;neutral;3;;
Pseudoxanthomonas suwonensis;C, Mn;neutral;3;;
Psychrobacillus;unknown;neutral;3;;
Psychrobacillus glaciei;unknown;neutral;3;;
Psychrobacter;C;unknown;out;;
Psychrobacter arcticus;C;unknown;out;;
Pulveribacter;unknown;unknown;out;;
Pulveribacter suum;unknown;unknown;out;;
Pusillimonas;C;neutral;3;;
Pusillimonas sp. T7-7;C;neutral;3;;
Pusillimonas thiosulfatoxidans;C, S;neutral;3;;
Pyxidicoccus;PGPB;alkaline;5;;
Pyxidicoccus sp. SCPEA002;PGPB;alkaline;5;;
Qipengyuania;unknown;unknown;out;;
Rahnella;unknown;unknown;out;;
Ralstonia;C;acidic;1;;
Ralstonia insidiosa;C;acidic;1;;
Ralstonia mannitolilytica;C;acidic;1;;
Ralstonia pickettii;C;acidic;1;;
Ralstonia solanacearum;C;acidic;1;;
Ramlibacter;PGPB;neutral;3;;
Ramlibacter sp. H242;PGPB;neutral;3;;
Ramlibacter tataouinensis;PGPB;neutral;3;;
Rathayibacter;C;unknown;out;;
Rheinheimera;contaminant;contaminant;out;;
Rhizobacter;N;acidic;1;;
Rhizobacter gummiphilus;N;acidic;1;;
Rhizobacter sp. AJA081-3;N;acidic;1;;
Rhizobiales bacterium NRL2;N;acidic;1;;
Rhizobium;N;slightly acidic;2;;
Rhizobium etli;N;slightly acidic;2;;
Rhizobium leguminosarum;N;slightly acidic;2;;
Rhizobium lusitanum;N;slightly acidic;2;;
Rhizobium oryzihabitans;N;slightly acidic;2;;
Rhizobium pseudoryzae;N;slightly acidic;2;;
Rhizobium rhizoryzae;N;slightly acidic;2;;
Rhizobium rosettiformans;N;slightly acidic;2;;
Rhizobium sp. BG4;N;slightly acidic;2;;
Rhizobium sp. WL3;N;slightly acidic;2;;
Rhizorhabdus;C, Cl;neutral;3;;
Rhizorhabdus dicambivorans;C, Cl;neutral;3;;
Rhizorhabdus wittichii;C, Cl;neutral;3;;
Rhodanobacter;N;unknown;out;;
Rhodanobacter denitrificans;N;unknown;out;;
Rhodobacter;unknown;unknown;out;;
Rhodobacteraceae bacterium;unknown;unknown;out;;
Rhodoblastus;unknown;acidic;1;;
Rhodoblastus sp.;unknown;acidic;1;;
Rhodococcus;C;acidic to neutral;2;;
Rhodococcus erythropolis;C;acidic to neutral;2;;
Rhodococcus fascians;C;acidic to neutral;2;;
Rhodococcus opacus;C;acidic to neutral;2;;
Rhodococcus qingshengii;C;acidic to neutral;2;;
Rhodococcus sp. MTM3W5.2;C;acidic to neutral;2;;
Rhodoferax;unknown;neutral;3;;
Rhodoferax antarcticus;C;neutral?;3;;
Rhodoferax ferrireducens;Fe;neutral?;3;;
Rhodoferax koreense;unknown;neutral?;3;;
Rhodoferax saidenbachensis;unknown;neutral?;3;;
Rhodoferax sediminis;unknown;neutral?;3;;
Rhodoferax sp. AJA081-3;unknown;neutral?;3;;
Rhodoferax sp. BAB1;unknown;neutral?;3;;
Rhodomicrobium;C;neutral;3;;https://en.wikipedia.org/wiki/Rhodomicrobium_vannielii
Rhodomicrobium vannielii;C;neutral;3;;
Rhodoplanes;C;neutral;3;;
Rhodoplanes sp. Z2-YC6860;C;neutral;3;;
Rhodopseudomonas;C;neutral;3;;
Rhodopseudomonas palustris;C;neutral;3;;
Rhodospirillaceae bacterium;unknown;unknown;out;;
Rhodospirillales bacterium;unknown;unknown;out;;
Rhodospirillum;unknown;neutral;3;;
Rhodospirillum centenum;unknown;neutral;3;;
Rhodospirillum rubrum;unknown;neutral;3;;
Rhodothermus;C;neutral;3;;
Rhodothermus marinus;C;neutral;3;;
Rickettsia;unknown;unknown;out;;
Rickettsiella;unknown;unknown;out;;
Roseateles;unknown;neutral;3;;
Roseateles depolymerans;unknown;neutral;3;;
Roseibium aggregatum;unknown;unknown;out;;
Roseiflexus;C;neutral to slightly alkaline;4;;https://en.wikipedia.org/wiki/Roseiflexus_castenholzii
Roseiflexus sp. RS-1;C;neutral to slightly alkaline;4;;
Roseimicrobium;unknown;unknown;out;;
Roseimicrobium sp. ORNL1;unknown;unknown;out;;
Roseitalea;aquatic;aquatic;out;;https://en.wikipedia.org/wiki/Roseitalea_porphyridii
Roseitalea porphyridii;aquatic;aquatic;out;;
Roseivivax;unknown;unknown;out;;
Roseococcus;unknown;neutral;3;;
Roseococcus microcysteis;unknown;neutral;3;;
Roseomonas;unknown;unknown;out;;
Roseomonas gilardii;unknown;unknown;out;;
Roseomonas haemaphysalidis;unknown;unknown;out;;
Roseomonas mucosa;unknown;unknown;out;;
Roseovarius;N, S;unknown;out;;https://academic.oup.com/femsec/article-abstract/98/10/fiac113/6724241
Rosistilla;unknown;unknown;out;;
Rothia;unknown;neutral;3;;
Rothia dentocariosa;unknown;neutral;3;;
Rothia mucilaginosa;unknown;neutral;3;;
Ruania;unknown;unknown;out;;
Rubrivivax;aquatic;aquatic;out;;https://de.wikipedia.org/wiki/Rubrivivax_gelatinosus
Rubrivivax gelatinosus;aquatic;aquatic;out;;
Rubrobacter;unknown;neutral to slightly alkaline;4;;
Rubrobacter marinus;unknown;neutral to slightly alkaline;4;;
Rubrobacter tropicus;unknown;neutral to slightly alkaline;4;;
Rubrobacter xylanophilus;unknown;neutral to slightly alkaline;4;;
Ruegeria;unknown;unknown;out;;
Rugosibacter;C;unknown;out;;
Rugosibacter aromaticivorans;C;unknown;out;;
Runella;unknown;unknown;out;;
Saccharomonospora;unknown;neutral;3;;https://www.sciencedirect.com/topics/immunology-and-microbiology/saccharomonospora
Saccharopolyspora;unknown;unknown;out;;
Saccharopolyspora pogona;unknown;unknown;out;;
Saccharothrix;unknown;unknown;out;;
Salinibacterium;unknown;unknown;out;;
Salipiger;C;unknown;out;;https://lpsn.dsmz.de/genus/salipiger
Salmonella;unknown;unknown;out;;
Salmonella enterica;contaminant;contaminant;out;;
Sandaracinus;C;unknown;out;;
Sandaracinus amylolyticus;C;unknown;out;;
Schaalia;unknown;unknown;out;;
Schlegelella;C;slightly acidic to alkaline;4;;
Schlegelella brevitalea;C;slightly acidic to alkaline;4;;
Schlegelella thermodepolymerans;C;slightly acidic to alkaline;4;;
Sedimenticola;S;neutral;3;;
Sedimenticola thiotaurini;S;neutral;3;;
Selenomonas;contaminant;contaminant;out;;https://www.spektrum.de/lexikon/biologie/selenomonas/60929
Serinicoccus;unknown;unknown;out;;
Serpentinimonas;unknown;alkaline?;5;;
Serpentinimonas maccroryi;unknown;alkaline?;5;;
Serpentinimonas raichei;unknown;alkaline?;5;;
Serratia;C;slightly alkaline;4;;
Serratia fonticola;C;slightly alkaline;4;;
Shewanella;contaminant;contaminant;out;;
Shinella;unknown;unknown;out;;
Shinella sp. HZN7;unknown;unknown;out;;
Sideroxydans;Fe;acidic;1;;
Sideroxydans lithotrophicus;Fe;acidic;1;;
Sideroxydans sp. CL21;Fe;acidic;1;;
Simplicispira;unknown;neutral to slightly alkaline;4;;
Simplicispira suum;unknown;neutral to slightly alkaline;4;;
Singulisphaera;C;acidic;1;;https://de.wikipedia.org/wiki/Singulisphaera
Singulisphaera acidiphila;C;acidic;1;;
Sinorhizobium;PGPB;unknown;out;;
Sinorhizobium fredii;PGPB;unknown;out;;
Sinorhizobium meliloti;PGPB;unknown;out;;
Sinorhizobium sp. M14;PGPB;unknown;out;;
Skermanella;unknown;unknown;out;;
Skermanella sp. TT6;unknown;unknown;out;;
Sodalis;C, N;unknown;out;;https://en.wikipedia.org/wiki/Sodalis
Solibacillus;unknown;unknown;out;;
Solimonas;unknown;neutral;3;;
Solimonas sp. K1W22B-7;unknown;neutral;3;;
Sorangium;C;neutral;3;;
Sorangium cellulosum;C;neutral;3;;
Sphaerobacter;unknown;unknown;out;;
Sphaerobacter thermophilus;unknown;unknown;out;;
Sphaerotilus;C;unknown;out;;https://www.spektrum.de/lexikon/biologie/sphaerotilus/62612
Sphaerotilus sulfidivorans;C, S;unknown;out;;
Sphingobacteriales bacterium;C;unknown;out;;
Sphingobacterium;C;unknown;out;;
Sphingobium;C;neutral;3;;
Sphingobium amiense;C;neutral;3;;
Sphingobium cloacae;C;neutral;3;;
Sphingobium sp. CAP-1;C;neutral;3;;
Sphingobium sp. KCTC 72723;C;neutral;3;;
Sphingobium sp. RAC03;C;neutral;3;;
Sphingobium sp. SCG-1;C;neutral;3;;
Sphingobium sp. TKS;C;neutral;3;;
Sphingobium sp. YG1;C;neutral;3;;
Sphingobium xenophagum;C;neutral;3;;
Sphingobium yanoikuyae;C;neutral;3;;
Sphingomonas;C;neutral;3;;
Sphingomonas alpina;C;neutral;3;;
Sphingomonas koreensis;C;neutral;3;;
Sphingomonas melonis;C;neutral;3;;
Sphingomonas paeninsulae;C;neutral;3;;
Sphingomonas panacis;C;neutral;3;;
Sphingomonas paucimobilis;C;neutral;3;;
Sphingomonas sanxanigenens;C;neutral;3;;
Sphingomonas sp. AAP5;C;neutral;3;;
Sphingomonas sp. ERG5;C;neutral;3;;
Sphingomonas sp. FARSPH;C;neutral;3;;
Sphingomonas sp. HMP9;C;neutral;3;;
Sphingomonas sp. KC8;C;neutral;3;;
Sphingomonas sp. LK11;C;neutral;3;;
Sphingomonas sp. LM7;C;neutral;3;;
Sphingomonas sp. MM-1;C;neutral;3;;
Sphingomonas sp. NIC1;C;neutral;3;;
Sphingomonas sp. PAMC26645;C;neutral;3;;
Sphingopyxis;unknown;neutral;3;;
Sphingopyxis alaskensis;unknown;neutral;3;;
Sphingopyxis fribergensis;unknown;neutral;3;;
Sphingopyxis granuli;unknown;neutral;3;;
Sphingopyxis macrogoltabida;unknown;neutral;3;;
Sphingopyxis sp. 113P3;unknown;neutral;3;;
Sphingopyxis sp. EG6;unknown;neutral;3;;
Sphingopyxis sp. FD7;unknown;neutral;3;;
Sphingopyxis sp. OPL5;unknown;neutral;3;;
Sphingopyxis sp. QXT-31;unknown;neutral;3;;
Sphingopyxis terrae;unknown;neutral;3;;
Sphingorhabdus;unknown;neutral;3;;
Sphingorhabdus lacus;unknown;neutral;3;;
Sphingorhabdus sp. YGSMI21;unknown;neutral;3;;
Sphingosinicella;C;unknown;out;;
Sphingosinicella microcystinivorans;C;unknown;out;;
Spiribacter;unknown;unknown;out;;
Spirochaeta;aquatic;aquatic;out;;https://de.wikipedia.org/wiki/Spirochaeta
Spirosoma;unknown;neutral;3;;
Spirosoma aerolatum;unknown;neutral;3;;
Spirosoma linguale;unknown;neutral;3;;
Sporosarcina;N;neutral;3;;
Sporosarcina sp. resist;N;neutral;3;;
Staphylococcus;contaminant;contaminant;out;;
Staphylococcus aureus;contaminant;contaminant;out;;
Staphylococcus auricularis;contaminant;contaminant;out;;
Staphylococcus capitis;contaminant;contaminant;out;;
Staphylococcus cohnii;contaminant;contaminant;out;;
Staphylococcus epidermidis;contaminant;contaminant;out;;
Staphylococcus haemolyticus;contaminant;contaminant;out;;
Staphylococcus hominis;contaminant;contaminant;out;;
Staphylococcus pasteuri;contaminant;contaminant;out;;
Staphylococcus pettenkoferi;contaminant;contaminant;out;;
Staphylococcus saccharolyticus;contaminant;contaminant;out;;
Staphylococcus saprophyticus;contaminant;contaminant;out;;
Staphylococcus warneri;contaminant;contaminant;out;;
Stappia;C;neutral;3;;
Stappia indica;C;neutral;3;;
Starkeya;C;neutral;3;;
Starkeya novella;C;neutral;3;;
Starkeya sp. ORNL1;C;neutral;3;;
Stella;unknown;unknown;out;;
Stella humosa;unknown;unknown;out;;
Stella sp. ATCC 35155;unknown;unknown;out;;
Stella vacuolata;unknown;unknown;out;;
Stenotrophomonas;PGPB;acidic;1;;
Stenotrophomonas acidaminiphila;PGPB;acidic;1;;
Stenotrophomonas maltophilia;PGPB;acidic;1;;
Stenotrophomonas rhizophila;PGPB;acidic;1;;
Steroidobacter;C, N;neutral;3;;
Steroidobacter denitrificans;C, N;neutral;3;;
Sterolibacteriaceae bacterium J5B;unknown;unknown;out;;
Sterolibacteriaceae bacterium M52;unknown;unknown;out;;
Sterolibacterium;C, N;neutral;3;;
Sterolibacterium denitrificans;C, N;neutral;3;;
Stigmatella;unknown;unknown;out;;
Stigmatella aurantiaca;unknown;unknown;out;;
Streptacidiphilus;unknown;acidic to neutral;2;;
Streptococcus;C;neutral to alkaline;4;;
Streptococcus gordonii;C;neutral to alkaline;4;;
Streptococcus sanguinis;C;neutral to alkaline;4;;
Streptococcus thermophilus;C;neutral to alkaline;4;;
Streptomyces;C;neutral to alkaline;4;;
Streptomyces asoensis;C;neutral to alkaline;4;;
Streptomyces atratus;C;neutral to alkaline;4;;
Streptomyces avermitilis;C;neutral to alkaline;4;;
Streptomyces finlayi;C;neutral to alkaline;4;;
Streptomyces hygroscopicus;C;neutral to alkaline;4;;
Streptomyces lunaelactis;C;neutral to alkaline;4;;
Streptomyces pratensis;C;neutral to alkaline;4;;
Streptomyces sp. ADI95-16;C;neutral to alkaline;4;;
Streptomyces sp. Mg1;C;neutral to alkaline;4;;
Streptomyces sp. RPA4-2;C;neutral to alkaline;4;;
Streptomyces sp. S1D4-11;C;neutral to alkaline;4;;
Streptomyces sp. So13.3;C;neutral to alkaline;4;;
Streptomyces subrutilus;C;neutral to alkaline;4;;
Streptomyces venezuelae;C;neutral to alkaline;4;;
Streptomyces vinaceus;C;neutral to alkaline;4;;
Streptosporangium;unknown;unknown;out;;
Streptosporangium roseum;unknown;unknown;out;;
Streptosporangium sp. 'caverna';unknown;unknown;out;;
Stutzerimonas balearica;unknown;unknown;out;;
Stutzerimonas stutzeri;unknown;unknown;out;;
Sulfitobacter;S;slightly acidic to alkaline;4;;
Sulfuricaulis;S;slightly acidic to alkaline;4;;
Sulfuricaulis limicola;S;slightly acidic to alkaline;4;;
Sulfuricella;S;neutral;3;;
Sulfuricella denitrificans;N, S;neutral;3;;
Sulfuriferula;S;neutral;3;;
Sulfuriferula nivalis;S;neutral;3;;
Sulfuriferula plumbiphila;S;neutral;3;;
Sulfuriferula sp. AH1;S;neutral;3;;
Sulfuriflexus;S;unknown;out;;
Sulfuriflexus mobilis;S;unknown;out;;
Sulfurifustis;S;neutral;3;;
Sulfurifustis variabilis;S;neutral;3;;
Sulfurimicrobium;S;slightly acidic;2;;
Sulfurimicrobium lacus;S;slightly acidic;2;;
Sulfuritalea;C, N, S;unknown;out;;https://www.midasfieldguide.org/guide/fieldguide/genus/sulfuritalea
Sulfuritalea hydrogenivorans;C, N, S;unknown;out;;
Sulfuritortus;S;neutral;3;;
Sulfuritortus calidifontis;S;neutral;3;;
Sulfurivermis;S;unknown;out;;
Sulfurivermis fontis;S;unknown;out;;
Sulfurospirillum;S;neutral;3;;
Symbiobacterium;symbiosis;neutral to slightly alkaline;4;;
Symbiobacterium thermophilum;symbiosis;neutral to slightly alkaline;4;;
Symmachiella;aquatic;aquatic;out;;https://lpsn.dsmz.de/genus/symmachiella
Symmachiella dynata;aquatic;aquatic;out;;
Synechococcus;contaminant;contaminant;out;;
Synechococcus sp. CBW1107;contaminant;contaminant;out;;
Synechococcus sp. CBW1108;contaminant;contaminant;out;;
Synechococcus sp. PCC 7502;contaminant;contaminant;out;;
Synechocystis;aquatic;aquatic;out;;https://de.wikipedia.org/wiki/Synechocystis
Synechocystis sp. CACIAM 05;aquatic;aquatic;out;;
Syntrophotalea;unknown;unknown;out;;
Tabrizicola;aquatic;aquatic;out;;https://www.microbiologyresearch.org/content/journal/ijsem/10.1099/ijsem.0.004034
Tabrizicola piscis;aquatic;aquatic;out;;
Tardibacter;unknown;unknown;out;;
Tardibacter chloracetimidivorans;unknown;unknown;out;;
Tardiphaga;unknown;unknown;out;;
Tardiphaga robiniae;unknown;unknown;out;;
Tardiphaga sp. vice154;unknown;unknown;out;;
Tardiphaga sp. vice278;unknown;unknown;out;;
Tardiphaga sp. vice304;unknown;unknown;out;;
Tautonia;aquatic;aquatic;out;;https://lpsn.dsmz.de/genus/tautonia
Tautonia plasticadhaerens;aquatic;aquatic;out;;
Tenacibaculum;unknown;unknown;out;;
Tepidiforma;aquatic;aquatic;out;;https://pubmed.ncbi.nlm.nih.gov/31769750/
Tepidiforma bonchosmolovskayae;aquatic;aquatic;out;;
Terricaulis;unknown;unknown;out;;
Terricaulis silvestris;unknown;unknown;out;;
Terriglobus;C;acidic;1;;
Terriglobus roseus;C;acidic;1;;
Terrihabitans soli;unknown;unknown;out;;
Tessaracoccus;unknown;unknown;out;;
Thalassobius;unknown;unknown;out;;
Thalassospira;unknown;unknown;out;;
Thauera;C, N;neutral;3;;
Thauera aromatica;C;neutral;3;;
Thauera humireducens;C, N;neutral;3;;
Thauera sp. K11;C;neutral;3;;
Thauera sp. MZ1T;C;neutral;3;;
Thermaerobacter;contaminant;contaminant;out;;
Thermaerobacter sp. PB12/4term;contaminant;contaminant;out;;
Thermochromatium;unknown;unknown;out;;
Thermochromatium tepidum;unknown;unknown;out;;
Thermomonas;unknown;unknown;out;;
Thermomonas aquatica;aquatic;aquatic;out;;
Thermomonas carbonis;unknown;unknown;out;;
Thermomonas sp. XSG;unknown;unknown;out;;
Thermomonospora;C;unknown;out;;
Thermus;contaminant;contaminant;out;;
Thermus thermophilus;contaminant;contaminant;out;;
Thioalkalivibrio;C, S;alkaline?;5;;https://en.wikipedia.org/wiki/Thioalkalivibrio_versutus
Thioalkalivibrio versutus;C, S;alkaline?;5;;
Thiobacillus;S;neutral;3;;
Thiobacillus denitrificans;S;neutral;3;;
Thiobacillus sp.;S;neutral;3;;
Thioclava;aquatic;aquatic;out;;https://lpsn.dsmz.de/genus/thioclava
Thiodictyon;C, S;unknown;out;;
Thioflavicoccus;aquatic;aquatic;out;;https://en.wikipedia.org/wiki/Thioflavicoccus
Thioflavicoccus mobilis;aquatic;aquatic;out;;
Thiohalobacter;unknown;unknown;out;;
Thiomonas;S;unknown;out;;
Thiomonas arsenitoxydans;S, As;unknown;out;;
Thiomonas intermedia;S;unknown;out;;
Thiothrix;aquatic;aquatic;out;;https://en.wikipedia.org/wiki/Thiothrix
Tistrella;aquatic;aquatic;out;;https://en.wikipedia.org/wiki/Tistrella_mobilis
Tistrella mobilis;aquatic;aquatic;out;;
Treponema;C;neutral;3;;
Trichlorobacter lovleyi;aquatic;aquatic;out;;https://bacdive.dsmz.de/strain/5805
Tsukamurella;unknown;unknown;out;;
Tsuneonella;unknown;unknown;out;;
Turneriella;unknown;unknown;out;;
Turneriella parva;unknown;unknown;out;;
Tuwongella;unknown;unknown;out;;
Tuwongella immobilis;unknown;unknown;out;;
uncultured Acidobacteria bacterium;contaminant;contaminant;out;;
uncultured Acidobacteria bacterium Rifle_16ft_4_minimus_2650;contaminant;contaminant;out;;
uncultured ammonia-oxidizing beta proteobacterium;N;unknown;out;;
uncultured bacterium;contaminant;contaminant;out;;
uncultured bacterium 5G12;contaminant;contaminant;out;;
uncultured bacterium 5G4;contaminant;contaminant;out;;
uncultured bacterium 888;contaminant;contaminant;out;;
uncultured bacterium BAC10-4;contaminant;contaminant;out;;
uncultured bacterium contig00012;contaminant;contaminant;out;;
uncultured bacterium contig00020;contaminant;contaminant;out;;
uncultured bacterium contig00126;contaminant;contaminant;out;;
uncultured bacterium DELDOXY23;contaminant;contaminant;out;;
uncultured bacterium fCS1;contaminant;contaminant;out;;
uncultured bacterium gwa2_scaffold_14;contaminant;contaminant;out;;
uncultured bacterium gwa2_scaffold_142;contaminant;contaminant;out;;
uncultured bacterium gwa2_scaffold_3315;contaminant;contaminant;out;;
uncultured bacterium gwb2_scaffold_0;contaminant;contaminant;out;;
uncultured bacterium KM4-9-H7;contaminant;contaminant;out;;
uncultured bacterium Rifle_16ft_4_minimus_7469;contaminant;contaminant;out;;
uncultured beta proteobacterium;contaminant;contaminant;out;;
uncultured beta proteobacterium Rifle_16ft_4_minimus_37916;contaminant;contaminant;out;;
uncultured Chloroflexi bacterium;contaminant;contaminant;out;;
uncultured Chloroflexi bacterium Rifle_16ft_4_minimus_30550;contaminant;contaminant;out;;
uncultured Chloroflexi bacterium Rifle_16ft_4_minimus_3452;contaminant;contaminant;out;;
uncultured Chloroflexi bacterium Rifle_16ft_4_minimus_36211;contaminant;contaminant;out;;
uncultured cyanobacterium;contaminant;contaminant;out;;
uncultured delta proteobacterium Rifle_16ft_4_minimus_184;contaminant;contaminant;out;;
uncultured delta proteobacterium Rifle_16ft_4_minimus_39832;contaminant;contaminant;out;;
uncultured Desulfobacterium sp.;S;unknown;out;;
uncultured gamma proteobacterium Rifle_16ft_4_minimus_5046;contaminant;contaminant;out;;
uncultured Gammaproteobacteria bacterium;contaminant;contaminant;out;;
uncultured Gemmatimonadetes bacterium Rifle_16ft_4_minimus_37772;contaminant;contaminant;out;;
uncultured Nitrospirae bacterium Rifle_16ft_4_minimus_10340;N;unknown;out;;
uncultured Paenibacillus sp.;C;alkaline?;5;;
uncultured Phormidium sp.;contaminant;contaminant;out;;
uncultured soil bacterium;unknown;unknown;out;;
Undibacterium;unknown;neutral;3;;
Undibacterium parvum;unknown;neutral;3;;
Undibacterium piscinae;unknown;neutral;3;;
Undibacterium sp. KW1;unknown;neutral;3;;
Undibacterium sp. YM2;unknown;neutral;3;;
Urbifossiella;contaminant;contaminant;out;;
Urbifossiella limnaea;contaminant;contaminant;out;;
Usitatibacter;N;unknown;out;;
Usitatibacter palustris;N;unknown;out;;
Usitatibacter rugosus;N;unknown;out;;
Variibacter;N;unknown;out;;
Variibacter gotjawalensis;N;unknown;out;;
Variovorax;PGPB;unknown;out;;
Variovorax boronicumulans;PGPB;unknown;out;;
Variovorax paradoxus;PGPB;unknown;out;;
Variovorax sp. 38R;PGPB;unknown;out;;
Variovorax sp. HW608;PGPB;unknown;out;;
Variovorax sp. PAMC 28711;PGPB;unknown;out;;
Variovorax sp. PAMC26660;PGPB;unknown;out;;
Variovorax sp. PAMC28562;PGPB;unknown;out;;
Variovorax sp. PBL-E5;PGPB;unknown;out;;
Variovorax sp. PBL-H6;PGPB;unknown;out;;
Variovorax sp. PBS-H4;PGPB;unknown;out;;
Variovorax sp. RA8;PGPB;unknown;out;;
Variovorax sp. RKNM96;PGPB;unknown;out;;
Variovorax sp. SRS16;PGPB;unknown;out;;
Variovorax sp. WDL1;PGPB;unknown;out;;
Veillonella;C;neutral;3;;
Veillonella parvula;C;neutral;3;;
Verminephrobacter;unknown;unknown;out;;
Verminephrobacter eiseniae;unknown;unknown;out;;
Verrucomicrobia bacterium IMCC26134;unknown;neutral?;3;;
Verrucomicrobium;unknown;neutral?;3;;
Verrucomicrobium sp. GAS474;unknown;neutral?;3;;
Vibrio;unknown;unknown;out;;
Viridibacillus;unknown;unknown;out;;
Viridibacillus sp. JNUCC-6;unknown;unknown;out;;
Vitreoscilla;C;neutral;3;;
Vitreoscilla filiformis;C;neutral;3;;
Vogesella;unknown;unknown;out;;
Vogesella sp. LIG4;unknown;unknown;out;;
Vulgatibacter;C;neutral;3;;
Vulgatibacter incomptus;C;neutral;3;;
Weissella;unknown;unknown;out;;
Weizmannia;C;unknown;out;;
Weizmannia coagulans;C;unknown;out;;
Wenzhouxiangella;aquatic;aquatic;out;;https://lpsn.dsmz.de/genus/wenzhouxiangella
Wenzhouxiangella marina;aquatic;aquatic;out;;
Winogradskyella;aquatic;aquatic;out;;https://www.nature.com/articles/s43705-021-00052-w
Woeseia;aquatic;aquatic;out;;https://www.nature.com/articles/s41396-020-0588-4
Woeseia oceani;aquatic;aquatic;out;;
Xanthobacter;N;neutral;3;;
Xanthobacter autotrophicus;N;neutral;3;;
Xanthobacter dioxanivorans;N;neutral;3;;
Xanthomonas;C;neutral;3;;
Xanthomonas arboricola;C;neutral;3;;
Xanthomonas campestris;C;neutral;3;;
Xanthomonas citri;C;neutral;3;;
Xanthomonas oryzae;C;neutral;3;;
Xanthomonas translucens;C;neutral;3;;
Xylophilus;unknown;neutral;3;;
Xylophilus rhododendri;unknown;neutral;3;;
Yersinia;C, N;unknown;out;;
