Name;assignment;pH;ref_pH;real_5;
(Populus tomentosa x Populus bolleana) x Populus tomentosa;contaminant;out;out;out;
(Populus tomentosa x Populus bolleana) x Populus tomentosa var. truncata;contaminant;out;out;out;
Abatia;contaminant;out;out;out;
Abatia parviflora;contaminant;out;out;out;
Abies;tree;slightly acidic;https://pfaf.org/user/Plant.aspx?LatinName=Abies+sibirica;2;
Abies alba;contaminant;out;out;out;
Abies sibirica;tree;slightly acidic;https://pfaf.org/user/Plant.aspx?LatinName=Abies+sibirica;2;
Abrus;contaminant;out;out;out;
Abrus precatorius;contaminant;out;out;out;
Acacia;contaminant;out;out;out;
Acacia ligulata;contaminant;out;out;out;
Acacia puncticulata;contaminant;out;out;out;
Acantholimon;contaminant;out;out;out;
Acantholimon festucaceum;contaminant;out;out;out;
Acer;contaminant;out;out;out;
Acer miaotaiense;contaminant;out;out;out;
Achyranthes;contaminant;out;out;out;
Aconitum;herbaceous;slightly acidic to slightly alkaline;https://pfaf.org/User/Plant.aspx?LatinName=Aconitum+kusnezoffii;;
Aconitum kusnezoffii;contaminant;out;out;out;
Actaea;herbaceous;unknown;out;out;
Actaea racemosa;contaminant;out;out;out;
Actinidia;contaminant;out;out;out;
Actinidia chinensis;contaminant;out;out;out;
Actinotus;contaminant;out;out;out;
Actinotus helianthi;contaminant;out;out;out;
Adelanthus;contaminant;out;out;out;
Aegiceras;contaminant;out;out;out;
Aegiceras corniculatum;contaminant;out;out;out;
Aegilops;contaminant;out;out;out;
Aegilops speltoides;contaminant;out;out;out;
Aegilops tauschii;contaminant;out;out;out;
Aeschynomene;contaminant;out;out;out;
Aeschynomene evenia;contaminant;out;out;out;
Agalinis;contaminant;out;out;out;
Agalinis homalantha;contaminant;out;out;out;
Agave;contaminant;out;out;out;
Agave tequilana;contaminant;out;out;out;
Ageratum;contaminant;out;out;out;
Ageratum conyzoides;contaminant;out;out;out;
Agropyron;grass;neutral;https://cdnsciencepub.com/doi/pdf/10.4141/S99-082;3;
Agropyron cristatum;contaminant;out;out;out;
Agrostemma;contaminant;out;out;out;
Agrostemma githago;contaminant;out;out;out;
Agrostis;grass;slightly acidic to slightly alkaline;https://pfaf.org/user/plant.aspx?latinname=agrostis;3;
Agrostis stolonifera;grass;slightly acidic to slightly alkaline;https://pfaf.org/user/plant.aspx?latinname=agrostis;3;
Ajuga;contaminant;out;out;out;
Ajuga ciliata;contaminant;out;out;out;
Ajuga reptans;contaminant;out;out;out;
Alangium;contaminant;out;out;out;
Alangium salviifolium;contaminant;out;out;out;
Albuca;contaminant;out;out;out;
Albuca bracteata;contaminant;out;out;out;
Alchemilla;herbaceous;neutral;https://horticulture.co.uk/alchemilla/;3;
Alhagi;contaminant;out;out;out;
Alhagi sparsifolia;contaminant;out;out;out;
Allium;contaminant;out;out;out;
Allium cepa;contaminant;out;out;out;
Alnus;tree;acidic;https://www.moorwissen.de/en/paludikultur/datenbanken/dppp/portrait.php?name=Alnus%20alnobetula;1;
Alnus alnobetula;tree;acidic;https://www.moorwissen.de/en/paludikultur/datenbanken/dppp/portrait.php?name=Alnus%20alnobetula;1;
Alnus glutinosa;contaminant;out;out;out;
Alopecurus;grass;neutral;https://www.sciencedirect.com/topics/agricultural-and-biological-sciences/alopecurus-pratensis;3;
Alopecurus myosuroides;contaminant;out;out;out;
Amana;contaminant;out;out;out;
Amana baohuaensis;contaminant;out;out;out;
Amborella;contaminant;out;out;out;
Amborella trichopoda;contaminant;out;out;out;
Amelanchier;contaminant;out;out;out;
Amelanchier asiatica;contaminant;out;out;out;
Amentotaxus;contaminant;out;out;out;
Amentotaxus formosana;contaminant;out;out;out;
Ammopiptanthus;contaminant;out;out;out;
Amphineurion;contaminant;out;out;out;
Amphineurion marginatum;contaminant;out;out;out;
Anacampseros;contaminant;out;out;out;
Anacampseros filamentosa;contaminant;out;out;out;
Ananas;contaminant;out;out;out;
Ananas comosus;contaminant;out;out;out;
Anchomanes;contaminant;out;out;out;
Anchomanes hookeri;contaminant;out;out;out;
Andreaea;contaminant;out;out;out;
Andreaea rupestris;contaminant;out;out;out;
Andreaea wangiana;contaminant;out;out;out;
Androsace;herbaceous;no preferences;https://darcyeverest.co.uk/product/androsace-sarmentosa/;out;
Anemone;herbaceous;moderate acid to neutral;;2;
Anemone taipaiensis;contaminant;out;out;out;
Aneura;moss;unknown;out;out;
Angelica;herbaceous;slightly acidic;https://www.thespruce.com/angelica-plant-growing-guide-5195323;2;
Angelica keiskei;contaminant;out;out;out;
Angelica morii;contaminant;out;out;out;
Anigozanthos;contaminant;out;out;out;
Anigozanthos sp. KH-2015;contaminant;out;out;out;
Annona;contaminant;out;out;out;
Anzhengxia;contaminant;out;out;out;
Anzhengxia yechengnica;contaminant;out;out;out;
Aphananthe;contaminant;out;out;out;
Aphananthe aspera;contaminant;out;out;out;
Aphyllon;contaminant;out;out;out;
Aphyllon epigalium;contaminant;out;out;out;
Apium;contaminant;out;out;out;
Apium graveolens;contaminant;out;out;out;
Aquilegia;contaminant;out;out;out;
Aquilegia coerulea;contaminant;out;out;out;
Arabidopsis;herbaceous;neutral?;https://www.ncbi.nlm.nih.gov/pmc/articles/PMC6663613/;3;
Arabidopsis arenosa;contaminant;out;out;out;
Arabidopsis cebennensis;contaminant;out;out;out;
Arabidopsis halleri;contaminant;out;out;out;
Arabidopsis kamchatica;contaminant;out;out;out;
Arabidopsis lyrata;herbaceous;neutral?;https://www.ncbi.nlm.nih.gov/pmc/articles/PMC6663613/;3;
Arabidopsis thaliana;contaminant;out;out;out;
Arabis;herbaceous;slightly acidic to neutral;https://www.gardenershq.com/Arabis-Rock-Cress.php;2;
Arabis alpina;herbaceous;slightly acidic to neutral;https://www.gardenershq.com/Arabis-Rock-Cress.php;2;
Arachis;contaminant;out;out;out;
Arachis hypogaea;contaminant;out;out;out;
Arachis ipaensis;contaminant;out;out;out;
Arachnitis;contaminant;out;out;out;
Arachnitis uniflora;contaminant;out;out;out;
Arbutus;contaminant;out;out;out;
Arbutus unedo;contaminant;out;out;out;
Archidendropsis;contaminant;out;out;out;
Ardisia;contaminant;out;out;out;
Ardisia guianensis;contaminant;out;out;out;
Armeria;herbaceous;neutral;http://www.algoplus.net/Downloads/PlantpHpreferencelist.pdf;3;
Armeria macrophylla;contaminant;out;out;out;
Armeria pungens;contaminant;out;out;out;
Arnebia;contaminant;out;out;out;
Artemisia;contaminant;out;out;out;
Artemisia absinthium;contaminant;out;out;out;
Artemisia annua;contaminant;out;out;out;
Artemisia hallaisanensis;contaminant;out;out;out;
Artemisia monosperma;contaminant;out;out;out;
Artocarpus;contaminant;out;out;out;
Aruncus;contaminant;out;out;out;
Asarum;contaminant;out;out;out;
Asarum sp. Qiu 96018;contaminant;out;out;out;
Asclepias;contaminant;out;out;out;
Asclepias syriaca;contaminant;out;out;out;
Asparagus;contaminant;out;out;out;
Asparagus officinalis;contaminant;out;out;out;
Asphodeline;contaminant;out;out;out;
Asphodeline damascena;contaminant;out;out;out;
Aspidosperma;contaminant;out;out;out;
Aspidosperma cruentum;contaminant;out;out;out;
Asplenium;contaminant;out;out;out;
Asteropeia;contaminant;out;out;out;
Asteropeia rhopaloides;contaminant;out;out;out;
Astragalus;contaminant;out;out;out;
Astragalus aksuensis;contaminant;out;out;out;
Astragalus bezudensis;contaminant;out;out;out;
Astragalus crassicarpus;contaminant;out;out;out;
Astragalus lentiginosus;contaminant;out;out;out;
Astragalus membranaceus;contaminant;out;out;out;
Astragalus mongholicus;contaminant;out;out;out;
Astragalus sinicus;contaminant;out;out;out;
Astragalus strictus;contaminant;out;out;out;
Athyrium;contaminant;out;out;out;
Athyrium anisopterum;contaminant;out;out;out;
Atrichum;moss;unknown;out;out;
Atriplex;herbaceous;alkaline;https://www.feedipedia.org/node/24708;5;
Austrosteenisia;contaminant;out;out;out;
Austrosteenisia blackii;contaminant;out;out;out;
Avena;grass;acidic;https://www.canr.msu.edu/news/champion_of_cover_crops_oats;1;
Avena sativa;grass;acidic;https://www.canr.msu.edu/news/champion_of_cover_crops_oats;1;
Baccaurea;contaminant;out;out;out;
Baccaurea ramiflora;contaminant;out;out;out;
Balanops;contaminant;out;out;out;
Balanops pachyphylla;contaminant;out;out;out;
Bambusa;contaminant;out;out;out;
Bambusa oldhamii;contaminant;out;out;out;
Bartramia;moss;slightly acidic?;https://academic.oup.com/biohorizons/article/doi/10.1093/biohorizons/hzw008/2526859;2;
Bartramia pomiformis;moss;slightly acidic?;https://academic.oup.com/biohorizons/article/doi/10.1093/biohorizons/hzw008/2526860;2;
Batis;contaminant;out;out;out;
Batis maritima;contaminant;out;out;out;
Bazzania;contaminant;out;out;out;
Bazzania tridens;contaminant;out;out;out;
Beckmannia;grass;slightly acidic to slightly alkaline;https://pfaf.org/user/plant.aspx?latinname=Beckmannia+eruciformis;3;
Beckmannia syzigachne;grass;slightly acidic to slightly alkaline;https://pfaf.org/user/plant.aspx?latinname=Beckmannia+eruciformis;3;
Begonia;contaminant;out;out;out;
Benincasa;contaminant;out;out;out;
Benincasa hispida;contaminant;out;out;out;
Bennettiodendron;contaminant;out;out;out;
Bennettiodendron leprosipes;contaminant;out;out;out;
Berchemia;contaminant;out;out;out;
Berchemia lineata;contaminant;out;out;out;
Beta;contaminant;out;out;out;
Beta vulgaris;contaminant;out;out;out;
Betula;shrub;acidic;https://www.picturethisai.com/care/Betula_pendula.html;1;
Betula alnoides;contaminant;out;out;out;
Betula luminifera;contaminant;out;out;out;
Betula maximowicziana;contaminant;out;out;out;
Betula nana;shrub;acidic;1;1;
Betula pendula;shrub;acidic;1;1;
Betula platyphylla;shrub;acidic;https://www.picturethisai.com/care/Betula_pendula.html;1;
Betula pubescens;shrub;acidic;https://www.picturethisai.com/care/Betula_pendula.html;1;
Biscutella;contaminant;out;out;out;
Biscutella lyrata;contaminant;out;out;out;
Bistorta;herbaceous;slightly acidic to slightly alkaline;https://pfaf.org/user/Plant.aspx?LatinName=Bistorta+vivipara;3;
Bistorta officinalis;herbaceous;slightly acidic to slightly alkaline;https://pfaf.org/user/Plant.aspx?LatinName=Bistorta+vivipara;3;
Bistorta sp. Qiu 06003;contaminant;out;out;out;
Bistorta vivipara;herbaceous;slightly acidic to slightly alkaline;https://pfaf.org/user/Plant.aspx?LatinName=Bistorta+vivipara;3;
Bixa;contaminant;out;out;out;
Bixa orellana;contaminant;out;out;out;
Blakea;contaminant;out;out;out;
Blakea schlimii;contaminant;out;out;out;
Blepharostoma;moss;unknown;out;out;
Boechera;contaminant;out;out;out;
Boechera divaricarpa;contaminant;out;out;out;
Boechera sp. IPK Bsp 9;contaminant;out;out;out;
Boechera stricta;contaminant;out;out;out;
Boehmeria;contaminant;out;out;out;
Boehmeria grandis;contaminant;out;out;out;
Boehmeria nivea;contaminant;out;out;out;
Bombax;contaminant;out;out;out;
Bombax ceiba;contaminant;out;out;out;
Bonnetia;contaminant;out;out;out;
Bonnetia paniculata;contaminant;out;out;out;
Borya;contaminant;out;out;out;
Borya sphaerocephala;contaminant;out;out;out;
Boschniakia;;;;parasitic plant;
Boschniakia rossica;;;;parasitic plant;
Botrychium;fern;slightly alkaline;https://pfaf.org/USER/Plant.aspx?LatinName=Botrychium+lunaria&utm_content=cmp-true;4;
Botrychium lunaria;fern;slightly alkaline;https://pfaf.org/USER/Plant.aspx?LatinName=Botrychium+lunaria&utm_content=cmp-true;4;
Bougainvillea;contaminant;out;out;out;
Boykinia;contaminant;out;out;out;
Boykinia aconitifolia;contaminant;out;out;out;
Brachypodium;contaminant;out;out;out;
Brachypodium distachyon;contaminant;out;out;out;
Brachypodium sylvaticum;contaminant;out;out;out;
Brassica;herbaceous;slightly acidic;https://www.barenbrug.co.nz/dairy/brassica-management/soil-fertility-and-establishment/soil-fertility.htm;2;
Brassica napus;herbaceous;slightly acidic;https://www.barenbrug.co.nz/dairy/brassica-management/soil-fertility-and-establishment/soil-fertility.htm;2;
Brassica oleracea;herbaceous;slightly acidic;https://www.barenbrug.co.nz/dairy/brassica-management/soil-fertility-and-establishment/soil-fertility.htm;2;
Brassica rapa;herbaceous;slightly acidic;https://www.barenbrug.co.nz/dairy/brassica-management/soil-fertility-and-establishment/soil-fertility.htm;2;
Bromus;grass;moderately acid to slightly alkaline;https://tnyards.utk.edu/category/genus/bromus/;3;
Bruguiera;contaminant;out;out;out;
Bruinsmia;contaminant;out;out;out;
Bruinsmia polysperma;contaminant;out;out;out;
Brunellia;contaminant;out;out;out;
Bryum;moss;neutral;http://pza.sanbi.org/bryum-argenteum;3;
Bryum argenteum;moss;neutral;http://pza.sanbi.org/bryum-argenteum;3;
Bupleurum;contaminant;out;out;out;
Bupleurum scorzonerifolium;contaminant;out;out;out;
Burmannia;contaminant;out;out;out;
Burmannia nepalensis;contaminant;out;out;out;
Butomus;aquatic;out;out;out;
Butomus umbellatus;aquatic;out;out;out;
Buxbaumia;moss;acidic;https://www.degruyter.com/document/doi/10.1515/9781400845880.317/pdf;1;
Buxbaumia aphylla;moss;acidic;https://www.degruyter.com/document/doi/10.1515/9781400845880.317/pdf;1;
Cabomba;contaminant;out;out;out;
Cabomba aquatica;contaminant;out;out;out;
Cabomba caroliniana;contaminant;out;out;out;
Cajanus;contaminant;out;out;out;
Cajanus cajan;contaminant;out;out;out;
Calamagrostis;grass;no preferences;http://www.perennialresource.com/variety.php?ID=CALKF;out;
California;contaminant;out;out;out;
California macrophylla;contaminant;out;out;out;
Callicarpa;contaminant;out;out;out;
Callicladium;moss;unknown;out;out;
Callicladium imponens;contaminant;out;out;out;
Calligonum;contaminant;out;out;out;
Calligonum junceum;contaminant;out;out;out;
Callitriche;aquatic;out;out;out;
Caltha;herbaceous;slightly acidic to slightly alkaline;https://pfaf.org/user/Plant.aspx?LatinName=Caltha+palustris;3;
Caltha palustris;herbaceous;slightly acidic to slightly alkaline;https://pfaf.org/user/Plant.aspx?LatinName=Caltha+palustris;3;
Calypogeia;moss;unknown;out;out;
Camelina;contaminant;out;out;out;
Camelina sativa;contaminant;out;out;out;
Camellia;contaminant;out;out;out;
Camellia longipedicellata;contaminant;out;out;out;
Camellia sinensis;contaminant;out;out;out;
Campnosperma;contaminant;out;out;out;
Campnosperma gummiferum;contaminant;out;out;out;
Campylium;moss;unknown;out;out;
Campylium stellatum;moss;unknown;out;out;
Canavalia;contaminant;out;out;out;
Canavalia lineata;contaminant;out;out;out;
Cannabis;contaminant;out;out;out;
Cannabis sativa;contaminant;out;out;out;
Capsella;contaminant;out;out;out;
Capsella rubella;contaminant;out;out;out;
Capsicum;contaminant;out;out;out;
Capsicum annuum;contaminant;out;out;out;
Caragana;contaminant;out;out;out;
Caragana jubata;contaminant;out;out;out;
Caragana korshinskii;contaminant;out;out;out;
Cardamine;herbaceous;alkaline;https://en.hortipedia.com/Cardamine_trifolia;5;
Cardamine resedifolia;contaminant;out;out;out;
Carex;grass;slightly acidic to neutral;https://www.wilsonbrosgardens.com/planting-and-growing-carex-sedge.html;2;
Carex acutiformis;contaminant;out;out;out;
Carex arctogena;contaminant;out;out;out;
Carex blanda;contaminant;out;out;out;
Carex cf. ludwigii MM3721;contaminant;out;out;out;
Carex curvicollis;contaminant;out;out;out;
Carex duriuscula;grass;slightly acidic to neutral;https://www.wilsonbrosgardens.com/planting-and-growing-carex-sedge.html;2;
Carex eburnea;contaminant;out;out;out;
Carex flacca;contaminant;out;out;out;
Carex hachijoensis;contaminant;out;out;out;
Carex microglochin;contaminant;out;out;out;
Carex moorcroftii;contaminant;out;out;out;
Carex myosuroides;grass;slightly acidic to neutral;https://www.wilsonbrosgardens.com/planting-and-growing-carex-sedge.html;2;
Carex nigra;grass;slightly acidic to neutral;https://www.wilsonbrosgardens.com/planting-and-growing-carex-sedge.html;2;
Carex pallescens;grass;slightly acidic to neutral;https://www.wilsonbrosgardens.com/planting-and-growing-carex-sedge.html;2;
Carex panicea;grass;slightly acidic to neutral;https://www.wilsonbrosgardens.com/planting-and-growing-carex-sedge.html;2;
Carex parvula;contaminant;out;out;out;
Carex rupestris;grass;slightly acidic to neutral;https://www.wilsonbrosgardens.com/planting-and-growing-carex-sedge.html;2;
Carex siderosticta;contaminant;out;out;out;
Carex steudneri;contaminant;out;out;out;
Carex vestita;contaminant;out;out;out;
Carica;contaminant;out;out;out;
Carica papaya;contaminant;out;out;out;
Carpinus;contaminant;out;out;out;
Carpinus caroliniana;contaminant;out;out;out;
Caryophyllaceae environmental sample;contaminant;out;out;out;
Casearia;contaminant;out;out;out;
Casearia decandra;contaminant;out;out;out;
Cassiope;herbaceous;slightly acidic to slightly alkaline;https://pfaf.org/user/Plant.aspx?LatinName=Cassiope;3;
Cassiope mertensiana;contaminant;out;out;out;
Castanospermum;contaminant;out;out;out;
Castanospermum australe;contaminant;out;out;out;
Castilleja;contaminant;out;out;out;
Castilleja paramensis;contaminant;out;out;out;
Castilleja sulphurea;contaminant;out;out;out;
Casuarina;contaminant;out;out;out;
Causonis;contaminant;out;out;out;
Causonis japonica;contaminant;out;out;out;
Cedrus;contaminant;out;out;out;
Cedrus atlantica;contaminant;out;out;out;
Cenchrus;contaminant;out;out;out;
Cenchrus americanus x Cenchrus squamulatus;contaminant;out;out;out;
Cephalanthus;contaminant;out;out;out;
Cephalanthus occidentalis;contaminant;out;out;out;
Cephalotaxus;contaminant;out;out;out;
Cephalotaxus oliveri;contaminant;out;out;out;
Cephaloziella;moss;slightly acidic;https://cisfbr.org.uk/Bryo/Cornish_Bryophytes_Cephaloziella_nicholsonii.html;2;
Ceratodon;moss;unknown;out;out;
Ceratodon purpureus;contaminant;out;out;out;
Ceratophyllum;aquatic;out;out;out;
Ceratophyllum demersum;aquatic;out;out;out;
Cercidiphyllum;contaminant;out;out;out;
Cercidiphyllum japonicum;contaminant;out;out;out;
Cercis;contaminant;out;out;out;
Cercis canadensis;contaminant;out;out;out;
Cercocarpus;contaminant;out;out;out;
Cercocarpus betuloides;contaminant;out;out;out;
Cercocarpus ledifolius;contaminant;out;out;out;
Cercocarpus montanus;contaminant;out;out;out;
Chaetachme;contaminant;out;out;out;
Chaetachme aristata;contaminant;out;out;out;
Chamaebatia;contaminant;out;out;out;
Chamaebatia foliolosa;contaminant;out;out;out;
Chamaecyparis;contaminant;out;out;out;
Chamaecyparis hodginsii;contaminant;out;out;out;
Chamaenerion;herbaceous;slightly acidic to slightly alkaline;https://pfaf.org/user/Plant.aspx?LatinName=Chamaenerion+angustifolium;3;
Chamaenerion angustifolium;herbaceous;slightly acidic to slightly alkaline;https://pfaf.org/user/Plant.aspx?LatinName=Chamaenerion+angustifolium;3;
Chamaesium;contaminant;out;out;out;
Chamaesium wolffianum;contaminant;out;out;out;
Chenopodium;herbaceous;acidic to slightly alkaline;https://pfaf.org/User/plant.aspx?LatinName=Chenopodium+album;2;
Chenopodium quinoa;contaminant;out;out;out;
Cherleria;herbaceous;unknown;https://www.outdoor-garden.com/plant/cherleria-species-alpine-sandwort-twinflower-sandwort;out;
Cherleria marcescens;contaminant;out;out;out;
Chionanthus;contaminant;out;out;out;
Chionanthus rupicola;contaminant;out;out;out;
Chorisodontium;contaminant;out;out;out;
Chorisodontium aciphyllum;contaminant;out;out;out;
Chorispora;herbaceous;slightly acidic to slightly alkaline;https://pfaf.org/user/Plant.aspx?LatinName=Chorispora;3;
Chorispora bungeana;contaminant;out;out;out;
Chorispora tenella;contaminant;out;out;out;
Chrysanthemum;herbaceous;slightly acidic to neutral;http://nhb.gov.in/pdf/flowers/chrysanthemum/chr011.pdf;2;
Chrysanthemum boreale;herbaceous;slightly acidic;https://agris.fao.org/agris-search/search.do?recordID=KR2013000983;2;
Chrysanthemum indicum;contaminant;out;out;out;
Chrysanthemum x morifolium;contaminant;out;out;out;
Chrysopogon;contaminant;out;out;out;
Chrysopogon zizanioides;contaminant;out;out;out;
Chrysosplenium;herbaceous;acidic to alkaline;https://pfaf.org/user/plant.aspx?latinname=Chrysosplenium+oppositifolium;3;
Cicer;contaminant;out;out;out;
Cicer arietinum;contaminant;out;out;out;
Cinchona;contaminant;out;out;out;
Cinnamomum;contaminant;out;out;out;
Cirsium;herbaceous;slightly acidic to slightly alkaline;https://davesgarden.com/guides/pf/go/32161/;3;
Cirsium vulgare;contaminant;out;out;out;
Cistanche;contaminant;out;out;out;
Cistanche deserticola;contaminant;out;out;out;
Cistanche tubulosa;contaminant;out;out;out;
Citrullus;contaminant;out;out;out;
Citrullus lanatus;contaminant;out;out;out;
Citrus;contaminant;out;out;out;
Citrus maxima;contaminant;out;out;out;
Citrus sinensis;contaminant;out;out;out;
Citrus sp. ls082102;contaminant;out;out;out;
Clevea;contaminant;out;out;out;
Clevea hyalina;contaminant;out;out;out;
Climacium;moss;mildly acidic;https://bantam.earth/tree-moss-climacium-dendroides/;2;
Climacium dendroides;moss;mildly acidic;https://bantam.earth/tree-moss-climacium-dendroides/;2;
Clutia;contaminant;out;out;out;
Clutia pulchella;contaminant;out;out;out;
Cocos;contaminant;out;out;out;
Cocos nucifera;contaminant;out;out;out;
Codonopsis;contaminant;out;out;out;
Codonopsis lanceolata;contaminant;out;out;out;
Coffea;contaminant;out;out;out;
Coffea arabica;contaminant;out;out;out;
Coix;contaminant;out;out;out;
Coix lacryma-jobi;contaminant;out;out;out;
Coleogyne;contaminant;out;out;out;
Coleogyne ramosissima;contaminant;out;out;out;
Colobanthus;contaminant;out;out;out;
Colocasia;contaminant;out;out;out;
Colocasia esculenta;contaminant;out;out;out;
Comarum;herbaceous;slightly acidic;https://en.hortipedia.com/Comarum_palustre;2;
Comarum palustre;herbaceous;slightly acidic;https://en.hortipedia.com/Comarum_palustre;2;
Comarum salesovianum;contaminant;out;out;out;
Combretum;contaminant;out;out;out;
Combretum kraussii;contaminant;out;out;out;
Commiphora;contaminant;out;out;out;
Commiphora gileadensis;contaminant;out;out;out;
Conopholis;contaminant;out;out;out;
Conopholis americana;contaminant;out;out;out;
Coptosapelta;contaminant;out;out;out;
Coptosapelta flavescens;contaminant;out;out;out;
Corallorhiza;herbaceous;slightly acidic to slightly alkaline;https://pfaf.org/user/Plant.aspx?LatinName=Corallorhiza+maculata;3;
Corchorus;contaminant;out;out;out;
Corchorus olitorius;contaminant;out;out;out;
Cordyline;contaminant;out;out;out;
Coreanomecon;contaminant;out;out;out;
Coreanomecon hylomeconoides;contaminant;out;out;out;
Coriandrum;contaminant;out;out;out;
Coriandrum sativum;contaminant;out;out;out;
Coriaria;contaminant;out;out;out;
Coriaria nepalensis;contaminant;out;out;out;
Cornus;shrub;slightly acidic;https://horticulture.co.uk/dogwood/;2;
Corydalis;herbaceous;neutral;https://www.gardenershq.com/Corydalis-Fumitory.php;3;
Corylus;contaminant;out;out;out;
Corylus avellana;contaminant;out;out;out;
Corynaea;contaminant;out;out;out;
Corynaea crassa;contaminant;out;out;out;
Cotoneaster;shrub;slightly acidic;Cotoneaster;2;
Cotoneaster submultiflorus;contaminant;out;out;out;
Crocus;contaminant;out;out;out;
Crocus sativus;contaminant;out;out;out;
Cucumis;contaminant;out;out;out;
Cucumis melo;contaminant;out;out;out;
Cucumis sativus;contaminant;out;out;out;
Cucurbita;contaminant;out;out;out;
Cucurbita maxima;contaminant;out;out;out;
Cucurbita moschata;contaminant;out;out;out;
Cucurbita pepo;contaminant;out;out;out;
Cupressus;contaminant;out;out;out;
Cupressus sempervirens;contaminant;out;out;out;
Curtisia;contaminant;out;out;out;
Curtisia dentata;contaminant;out;out;out;
Cuscuta;herbaceous;slightly acidic to slightly alkaline;https://pfaf.org/user/Plant.aspx?LatinName=Cuscuta+europaea;3;
Cuscuta africana;contaminant;out;out;out;
Cuscuta azteca;contaminant;out;out;out;
Cyathodium;contaminant;out;out;out;
Cyathodium steerei;contaminant;out;out;out;
Cynara;contaminant;out;out;out;
Cynara cardunculus;contaminant;out;out;out;
Cynodon;contaminant;out;out;out;
Cynodon dactylon x Cynodon transvaalensis;contaminant;out;out;out;
Cynomorium;contaminant;out;out;out;
Cynomorium coccineum;contaminant;out;out;out;
Cyphia;contaminant;out;out;out;
Cystopteris;contaminant;out;out;out;
Cystopteris protrusa;contaminant;out;out;out;
Dactylis;grass;slightly acidic;https://pfaf.org/user/Plant.aspx?LatinName=Dactylis+glomerata;2;
Dactylis glomerata;grass;slightly acidic;https://pfaf.org/user/Plant.aspx?LatinName=Dactylis+glomerata;2;
Dalbergia;contaminant;out;out;out;
Dampiera;contaminant;out;out;out;
Dampiera diversifolia;contaminant;out;out;out;
Daucus;contaminant;out;out;out;
Daucus carota;contaminant;out;out;out;
Davallia;contaminant;out;out;out;
Davallia solida;contaminant;out;out;out;
Delphinium;herbaceous;slightly acidic;https://gardenerspath.com/plants/flowers/grow-delphiniums/;2;
Dendrobium;contaminant;out;out;out;
Dendrobium catenatum;contaminant;out;out;out;
Deschampsia;grass;acidic to neutral;https://en.hortipedia.com/Deschampsia_cespitosa;2;
Deschampsia antarctica;contaminant;out;out;out;
Dianthus;herbaceous;acidic to neutral;https://www.thespruce.com/perennial-dianthus-flower-1316045;2;
Dianthus caryophyllus;contaminant;out;out;out;
Dianyuea;contaminant;out;out;out;
Dianyuea turbinata;contaminant;out;out;out;
Dicentra;herbaceous;slightly acidic;https://www.whiteflowerfarm.com/how-to-grow-dicentra-bleeding-heart;2;
Dicentra formosa;contaminant;out;out;out;
Dichotomanthes;contaminant;out;out;out;
Dichotomanthes tristaniicarpa;contaminant;out;out;out;
Digitaria;contaminant;out;out;out;
Digitaria exilis;contaminant;out;out;out;
Digitaria sanguinalis;contaminant;out;out;out;
Dioscorea;contaminant;out;out;out;
Dioscorea cayenensis;contaminant;out;out;out;
Diospyros;contaminant;out;out;out;
Diospyros lotus;contaminant;out;out;out;
Diphasiastrum;contaminant;out;out;out;
Diphasiastrum digitatum;contaminant;out;out;out;
Diplazium;fern;slightly acidic to slightly alkaline;https://pfaf.org/user/Plant.aspx?LatinName=Diplazium;3;
Diplazium sibiricum;fern;slightly acidic to slightly alkaline;https://pfaf.org/user/Plant.aspx?LatinName=Diplazium;3;
Diplostephium;contaminant;out;out;out;
Diplostephium hartwegii;contaminant;out;out;out;
Dipoma;contaminant;out;out;out;
Dipoma iberideum;contaminant;out;out;out;
Dipsacus;contaminant;out;out;out;
Dipsacus laciniatus;contaminant;out;out;out;
Distichium;moss;unknown;out;out;
Distichium capillaceum;moss;unknown;out;out;
Draba;herbaceous;neutral to slightly alkaline;;4;
Draba aizoides;contaminant;out;out;out;
Draba nemorosa;herbaceous;neutral to slightly alkaline;;4;
Draba oligosperma;contaminant;neutral to slightly alkaline;;4;
Drosera;contaminant;out;out;out;
Drosera indica;contaminant;out;out;out;
Drosera rotundifolia;contaminant;out;out;out;
Dryas;herbaceous;slightly acidic to slightly alkaline;https://pfaf.org/user/plant.aspx?latinname=Dryas+octopetala;3;
Dryas ajanensis;contaminant;out;out;out;
Dryas alaskensis;contaminant;out;out;out;
Dryas crenulata;herbaceous;slightly acidic to slightly alkaline;https://pfaf.org/user/plant.aspx?latinname=Dryas+octopetala;3;
Dryas drummondii;contaminant;out;out;out;
Dryas grandis;herbaceous;slightly acidic to slightly alkaline;https://pfaf.org/user/plant.aspx?latinname=Dryas+octopetala;3;
Dryas integrifolia;herbaceous;slightly acidic to slightly alkaline;https://pfaf.org/user/plant.aspx?latinname=Dryas+octopetala;3;
Dryas integrifolia x Dryas octopetala;herbaceous;slightly acidic to slightly alkaline;https://pfaf.org/user/plant.aspx?latinname=Dryas+octopetala;3;
Dryas octopetala;herbaceous;slightly acidic to slightly alkaline;https://pfaf.org/user/plant.aspx?latinname=Dryas+octopetala;3;
Dryopteris;fern;slightly acidic to neutral;https://pfaf.org/user/plant.aspx?latinname=dryopteris;2;
Dryopteris blanfordii;contaminant;out;out;out;
Dryopteris fragrans;fern;slightly acidic to neutral;https://pfaf.org/user/plant.aspx?latinname=dryopteris;2;
Dudleya;contaminant;out;out;out;
Dudleya viscida;contaminant;out;out;out;
Duparquetia;contaminant;out;out;out;
Duparquetia orchidacea;contaminant;out;out;out;
Durio;contaminant;out;out;out;
Durio zibethinus;contaminant;out;out;out;
Echinosophora;contaminant;out;out;out;
Echinosophora koreensis;contaminant;out;out;out;
Elaeis;contaminant;out;out;out;
Elaeis guineensis;contaminant;out;out;out;
Elaeocarpus;contaminant;out;out;out;
Elaeocarpus glabripetalus;contaminant;out;out;out;
Eleocharis;aquatic;out;out;out;
Eleocharis dulcis;aquatic;out;out;out;
Eleocharis elegans;aquatic;out;out;out;
Eleocharis uniglumis;aquatic;out;out;out;
Eleusine;contaminant;out;out;out;
Eleusine indica;contaminant;out;out;out;
Elymus;contaminant;out;out;out;
Elymus sibiricus;contaminant;out;out;out;
Elymus stipifolius;contaminant;out;out;out;
Emmenopterys;contaminant;out;out;out;
Emmenopterys henryi;contaminant;out;out;out;
Empetrum;herbaceous;slightly acidic;https://pfaf.org/user/plant.aspx?latinname=Empetrum+nigrum;2;
Empetrum rubrum;contaminant;out;out;out;
Endocellion;herbaceous;unknown;out;out;
Endocellion sibiricum;herbaceous;unknown;out;out;
Endospermum;contaminant;out;out;out;
Endospermum moluccanum;contaminant;out;out;out;
Epifagus;contaminant;out;out;out;
Epifagus virginiana;contaminant;out;out;out;
Epilobium;herbaceous;slightly acidic to neutral;https://www.gardenershq.com/Epilobium-French-Willow.php;2;
Epilobium dodonaei;contaminant;out;out;out;
Epilobium palustre;herbaceous;slightly acidic to neutral;https://www.gardenershq.com/Epilobium-French-Willow.php;2;
Equisetum;herbaceous;acidic to neutral;https://www.thespruce.com/horsetail-plant-aggressively-spreading-weed-4125787;2;
Equisetum arvense;herbaceous;acidic to neutral;https://www.thespruce.com/horsetail-plant-aggressively-spreading-weed-4125787;2;
Equisetum giganteum;contaminant;out;out;out;
Equisetum hyemale;herbaceous;acidic to neutral;https://www.thespruce.com/horsetail-plant-aggressively-spreading-weed-4125787;2;
Equisetum palustre;herbaceous;acidic to neutral;https://www.thespruce.com/horsetail-plant-aggressively-spreading-weed-4125787;2;
Eremocharis;contaminant;out;out;out;
Eremocharis fruticosa;contaminant;out;out;out;
Eremopogon;contaminant;out;out;out;
Eremopogon foveolatus;contaminant;out;out;out;
Erigeron;herbaceous;neutral;https://www.epicgardening.com/erigeron-karvinskianus/;3;
Eriocaulon;contaminant;out;out;out;
Eriocaulon schimperi;contaminant;out;out;out;
Eriophorum;herbaceous;acidic;https://pfaf.org/user/plant.aspx?LatinName=Eriophorum+angustifolium;1;
Eriophorum angustifolium;herbaceous;acidic;https://pfaf.org/user/plant.aspx?LatinName=Eriophorum+angustifolium;1;
Eritrichium;herbaceous;slightly acidic to slightly alkaline;https://pfaf.org/user/Plant.aspx?LatinName=Eritrichium;3;
Eritrichium nanum;contaminant;out;out;out;
Eritrichium sericeum;herbaceous;slightly acidic to slightly alkaline;https://pfaf.org/user/Plant.aspx?LatinName=Eritrichium;3;
Eritrichium villosum;herbaceous;slightly acidic to slightly alkaline;https://pfaf.org/user/Plant.aspx?LatinName=Eritrichium;slightly acidic to slightly alkaline;
Erythranthe;contaminant;out;out;out;
Erythranthe guttata;contaminant;out;out;out;
Erythrospermum;contaminant;out;out;out;
Erythroxylum;contaminant;out;out;out;
Erythroxylum coca;contaminant;out;out;out;
Eucalyptus;contaminant;out;out;out;
Eucalyptus grandis;contaminant;out;out;out;
Euonymus;contaminant;out;out;out;
Euonymus alatus;contaminant;out;out;out;
Euonymus carnosus;contaminant;out;out;out;
Euphorbia;contaminant;out;out;out;
Euphrasia;herbaceous;slightly alkaline;https://cronodon.com/NatureTech/euphrasia.html;4;
Euphrasia regelii;contaminant;out;out;out;
Euptelea;contaminant;out;out;out;
Euptelea polyandra;contaminant;out;out;out;
Eurycoma;contaminant;out;out;out;
Eurycoma longifolia;contaminant;out;out;out;
Eutrema;herbaceous;slightly alkaline;https://extremeplants.org/species/eutrema-salsugineum/;4;
Eutrema halophilum;contaminant;out;out;out;
Eutrema salsugineum;contaminant;out;out;out;
Evolvulus;contaminant;out;out;out;
Exochorda;contaminant;out;out;out;
Fagopyrum;contaminant;out;out;out;
Fagopyrum esculentum;contaminant;out;out;out;
Fagopyrum hailuogouense;contaminant;out;out;out;
Fagus;contaminant;out;out;out;
Fagus sylvatica;contaminant;out;out;out;
Fallopia;contaminant;out;out;out;
Fallopia multiflora;contaminant;out;out;out;
Fallopia sachalinensis;contaminant;out;out;out;
Ferrocalamus;contaminant;out;out;out;
Ferrocalamus rimosivaginus;contaminant;out;out;out;
Ferula;contaminant;out;out;out;
Ferula sinkiangensis;contaminant;out;out;out;
Festuca;grass;pH tolerant;https://www.thespruce.com/blue-fescue-grass-2132481;pH tolerant;
Festuca alopecuros;contaminant;out;out;out;
Festuca glaucescens x Lolium multiflorum;contaminant;out;out;out;
Festuca pratensis;contaminant;out;out;out;
Festuca sp. YLDP282A;contaminant;out;out;out;
Ficus;contaminant;out;out;out;
Ficus iidana;contaminant;out;out;out;
Flacourtia;contaminant;out;out;out;
Flacourtia indica;contaminant;out;out;out;
Flacourtia jangomas;contaminant;out;out;out;
Fragaria;herbaceous;slightly acidic to slightly alkaline;https://pfaf.org/user/plant.aspx?latinname=Fragaria+vesca;3;
Fragaria chiloensis;contaminant;out;out;out;
Fragaria mandshurica;contaminant;out;out;out;
Fragaria vesca;herbaceous;slightly acidic to slightly alkaline;https://pfaf.org/user/plant.aspx?latinname=Fragaria+vesca;3;
Fragaria x ananassa;contaminant;out;out;out;
Frangula;shrub;acidic to slightly alkaline;http://woodyplants.cals.cornell.edu/plant/212;3;
Frangula alnus;shrub;acidic to slightly alkaline;http://woodyplants.cals.cornell.edu/plant/212;3;
Funaria;moss;slightly alkaline;https://www.jstor.org/stable/3242217;4;
Funaria hygrometrica;moss;slightly alkaline;https://www.jstor.org/stable/3242217;4;
Galium;herbaceous;slightly acidic to slightly alkaline;https://pfaf.org/user/Plant.aspx?LatinName=Galium+gracile;3;
Galphimia;contaminant;out;out;out;
Galphimia angustifolia;contaminant;out;out;out;
Galphimia glauca;contaminant;out;out;out;
Garcinia;contaminant;out;out;out;
Garcinia mangostana;contaminant;out;out;out;
Gemmabryum;contaminant;out;out;out;
Gemmabryum caespiticium;contaminant;out;out;out;
Genlisea;contaminant;out;out;out;
Geranium;herbaceous;slightly acidic;https://www.canr.msu.edu/news/low_ph_induces_iron_and_manganese_toxicity_in_geraniums;2;
Geranium maderense;contaminant;out;out;out;
Geum;herbaceous;slightly acidic to neutral;https://www.gardenershq.com/Geum-Avens.php;2;
Geum rupestre;contaminant;out;out;out;
Glycine;contaminant;out;out;out;
Glycine max;contaminant;out;out;out;
Glycine soja;contaminant;out;out;out;
Glycyrrhiza;contaminant;out;out;out;
Gnetum;contaminant;out;out;out;
Gnetum gnemon;contaminant;out;out;out;
Gossypioides;contaminant;out;out;out;
Gossypioides kirkii;contaminant;out;out;out;
Gossypium;contaminant;out;out;out;
Gossypium arboreum;contaminant;out;out;out;
Gossypium harknessii;contaminant;out;out;out;
Gossypium hirsutum;contaminant;out;out;out;
Gossypium raimondii;contaminant;out;out;out;
Gossypium turneri;contaminant;out;out;out;
Gymnomitrion;moss;unknown;out;out;
Gymnomitrion concinnatum;moss;unknown;out;out;
Gymnosiphon;contaminant;out;out;out;
Gymnosiphon longistylus;contaminant;out;out;out;
Haberlea;contaminant;out;out;out;
Haberlea rhodopensis;contaminant;out;out;out;
Haematoxylum;contaminant;out;out;out;
Haematoxylum brasiletto;contaminant;out;out;out;
Haloxylon;contaminant;out;out;out;
Hamamelis;contaminant;out;out;out;
Hamamelis mollis;contaminant;out;out;out;
Hedychium;contaminant;out;out;out;
Hedychium coronarium;contaminant;out;out;out;
Hedyotis;contaminant;out;out;out;
Hedysarum;herbaceous;slightly acidic to slightly alkaline;https://acrre.ualberta.ca/acrre/wp-content/uploads/sites/45/2018/04//Hedysarum_alpinum.pdf;3;
Hedysarum consanguineum;herbaceous;slightly acidic to slightly alkaline;https://acrre.ualberta.ca/acrre/wp-content/uploads/sites/45/2018/04//Hedysarum_alpinum.pdf;3;
Hedysarum petrovii;contaminant;out;out;out;
Hedysarum semenovii;contaminant;out;out;out;
Hedysarum taipeicum;contaminant;out;out;out;
Heisteria;contaminant;out;out;out;
Heisteria concinna;contaminant;out;out;out;
Helianthus;contaminant;out;out;out;
Helianthus annuus;contaminant;out;out;out;
Helictotrichon;grass;neutral to slightly alkaline;https://www.gardenershq.com/inthegarden/helictotrichon-sempervirens-blue-oat-grass/;4;
Helictotrichon convolutum;contaminant;out;out;out;
Heliophila;contaminant;out;out;out;
Heliophila pusilla;contaminant;out;out;out;
Hemarthria;contaminant;out;out;out;
Hemarthria compressa;contaminant;out;out;out;
Hemerocallis;contaminant;out;out;out;
Hemiptelea;contaminant;out;out;out;
Hemiptelea davidii;contaminant;out;out;out;
Hepatica maxima;contaminant;out;out;out;
Herrania;contaminant;out;out;out;
Herrania umbratica;contaminant;out;out;out;
Hesperelaea;contaminant;out;out;out;
Hesperelaea palmeri;contaminant;out;out;out;
Hesperocyparis;contaminant;out;out;out;
Hesperocyparis glabra;contaminant;out;out;out;
Heuchera;contaminant;out;out;out;
Heuchera parviflora;contaminant;out;out;out;
Hevea;contaminant;out;out;out;
Hevea brasiliensis;contaminant;out;out;out;
Hibbertia;contaminant;out;out;out;
Hibbertia amplexicaulis;contaminant;out;out;out;
Hibiscus;contaminant;out;out;out;
Hibiscus cannabinus;contaminant;out;out;out;
Hibiscus syriacus;contaminant;out;out;out;
Hippophae;shrub;slightly acidic to slightly alkaline;https://pfaf.org/user/plant.aspx?LatinName=Hippophae+rhamnoides;3;
Hippophae rhamnoides;shrub;slightly acidic to slightly alkaline;https://pfaf.org/user/plant.aspx?LatinName=Hippophae+rhamnoides;3;
Hippuris;aquatic;out;out;out;
Hippuris vulgaris;aquatic;out;out;out;
Homalium;contaminant;out;out;out;
Homalium paniculiflorum;contaminant;out;out;out;
Hordeum;contaminant;out;out;out;
Hordeum bogdanii;contaminant;out;out;out;
Hordeum brachyantherum;contaminant;out;out;out;
Hordeum brevisubulatum;contaminant;out;out;out;
Hordeum chilense;contaminant;out;out;out;
Hordeum murinum;contaminant;out;out;out;
Hordeum patagonicum;contaminant;out;out;out;
Hordeum pubiflorum;contaminant;out;out;out;
Hordeum pusillum;contaminant;out;out;out;
Hordeum vulgare;contaminant;out;out;out;
Huperzia;herbaceous;slightly acidic;https://www.araflora.com/index.php?route=product/product/pdf&product_id=1026;2;
Hydrangea;contaminant;out;out;out;
Hydrangea arguta;contaminant;out;out;out;
Hydrangea macrophylla;contaminant;out;out;out;
Hydrocotyle;contaminant;out;out;out;
Hydrocotyle sibthorpioides;contaminant;out;out;out;
Hylocomium;moss;unknown;out;out;
Hylocomium splendens;moss;unknown;out;out;
Hylomecon;contaminant;out;out;out;
Hylomecon japonica;contaminant;out;out;out;
Hyoscyamus;contaminant;out;out;out;
Hyoscyamus niger;contaminant;out;out;out;
Hyptis;contaminant;out;out;out;
Hyptis pachyphylla;contaminant;out;out;out;
Idesia;contaminant;out;out;out;
Idesia polycarpa;contaminant;out;out;out;
Ilex;contaminant;out;out;out;
Ilex aquifolium;contaminant;out;out;out;
Ilex pubescens;contaminant;out;out;out;
Indigofera;contaminant;out;out;out;
Indigofera tinctoria;contaminant;out;out;out;
Ipomoea;contaminant;out;out;out;
Ipomoea nil;contaminant;out;out;out;
Ipomoea trifida;contaminant;out;out;out;
Ipomoea triloba;contaminant;out;out;out;
Itea;contaminant;out;out;out;
Itea chinensis;contaminant;out;out;out;
Itoa;contaminant;out;out;out;
Itoa orientalis;contaminant;out;out;out;
Ixonanthes;contaminant;out;out;out;
Ixora;contaminant;out;out;out;
Jasminum;contaminant;out;out;out;
Jasminum polyanthum;contaminant;out;out;out;
Jatropha;contaminant;out;out;out;
Jatropha curcas;contaminant;out;out;out;
Juglans;contaminant;out;out;out;
Juglans cinerea;contaminant;out;out;out;
Juglans regia;contaminant;out;out;out;
Juncus;contaminant;out;out;out;
Juncus effusus;contaminant;out;out;out;
Juniperus;shrub;slightly acidic to neutral;https://www.depauw.edu/about/campus/naturepark/research-project-list/junipers-and-soil-ph/;2;
Juniperus communis;shrub;slightly acidic to neutral;https://www.depauw.edu/about/campus/naturepark/research-project-list/junipers-and-soil-ph/;2;
Kageneckia;contaminant;out;out;out;
Kageneckia angustifolia;contaminant;out;out;out;
Kageneckia lanceolata;contaminant;out;out;out;
Kerria;contaminant;out;out;out;
Kerria japonica;contaminant;out;out;out;
Kingdonia;contaminant;out;out;out;
Kingdonia uniflora;contaminant;out;out;out;
Klainedoxa;contaminant;out;out;out;
Klainedoxa gabonensis;contaminant;out;out;out;
Knorringia;herbaceous;unknown;out;out;
Knorringia sibirica;herbaceous;unknown;out;out;
Koenigia;herbaceous;slightly acidic;https://scialert.net/fulltext/?doi=pjbs.2003.252.254;2;
Koenigia islandica;herbaceous;slightly acidic;https://scialert.net/fulltext/?doi=pjbs.2003.252.254;2;
Lactuca;contaminant;out;out;out;
Lactuca sativa;contaminant;out;out;out;
Lagerstroemia;contaminant;out;out;out;
Lagerstroemia indica;contaminant;out;out;out;
Lagotis;contaminant;out;out;out;
Lagotis brevituba;contaminant;out;out;out;
Lagotis yunnanensis;contaminant;out;out;out;
Lantana;contaminant;out;out;out;
Lantana camara;contaminant;out;out;out;
Larix;tree;acidic;https://farmhomestead.com/soil-ph-preferences-trees/;1;
Larix decidua;contaminant;out;out;out;
Larix gmelinii;tree;acidic;https://farmhomestead.com/soil-ph-preferences-trees/;1;
Larix griffithii;contaminant;out;out;out;
Larix kaempferi;contaminant;out;out;out;
Larix occidentalis;contaminant;out;out;out;
Larix sibirica;tree;acidic;https://farmhomestead.com/soil-ph-preferences-trees/;1;
Larix sp. WSU-cult;contaminant;out;out;out;
Lennoa;contaminant;out;out;out;
Lennoa madreporoides;contaminant;out;out;out;
Lens;contaminant;out;out;out;
Lens culinaris;contaminant;out;out;out;
Lessertia;contaminant;out;out;out;
Lessertia frutescens;contaminant;out;out;out;
Leucaena;contaminant;out;out;out;
Leucaena trichandra;contaminant;out;out;out;
Leymus;contaminant;out;out;out;
Leymus racemosus;contaminant;out;out;out;
Leymus triticoides;contaminant;out;out;out;
Libidibia;contaminant;out;out;out;
Libidibia coriaria;contaminant;out;out;out;
Licania;contaminant;out;out;out;
Licania majuscula;contaminant;out;out;out;
Ligusticum;contaminant;out;out;out;
Ligustrum;contaminant;out;out;out;
Ligustrum quihoui;contaminant;out;out;out;
Lilium;herbaceous;neutral;https://www.burpee.com/blog/encyclopedia__lily-article.html;3;
Lilium longiflorum;contaminant;out;out;out;
Lilium tsingtauense;contaminant;out;out;out;
Limonium;contaminant;out;out;out;
Linum;herbaceous;no preferences;https://pfaf.org/user/Plant.aspx?LatinName=Linum+usitatissimum;out;
Linum usitatissimum;herbaceous;no preferences;https://pfaf.org/user/Plant.aspx?LatinName=Linum+usitatissimum;out;
Liriodendron;contaminant;out;out;out;
Liriodendron tulipifera;contaminant;out;out;out;
Litsea;contaminant;out;out;out;
Litsea cubeba;contaminant;out;out;out;
Lobelia;contaminant;out;out;out;
Lobelia fervens;contaminant;out;out;out;
Lolium;contaminant;out;out;out;
Lolium multiflorum;contaminant;out;out;out;
Lolium perenne;contaminant;out;out;out;
Lolium temulentum;contaminant;out;out;out;
Lomandra;contaminant;out;out;out;
Lomandra longifolia;contaminant;out;out;out;
Lonicera;shrub;slightly acidic to slightly alkaline;https://pfaf.org/user/Plant.aspx?LatinName=Lonicera+periclymenum;3;
Lotus;contaminant;out;out;out;
Lotus japonicus;contaminant;out;out;out;
Ludwigia;contaminant;out;out;out;
Ludwigia octovalvis;contaminant;out;out;out;
Luffa;contaminant;out;out;out;
Luffa acutangula;contaminant;out;out;out;
Lupinus;contaminant;out;out;out;
Lupinus angustifolius;contaminant;out;out;out;
Luzula;herbaceous;acidic to slightly alkaline;https://www.researchgate.net/publication/265250389_Biology_and_ecology_of_an_invasion_of_Impatiens_parviflora_DC_in_natural_and_semi-natural_habitats;2;
Lycopodium;herbaceous;unknown;out;out;
Lycopodium lagopus;herbaceous;unknown;out;out;
Lyonothamnus;contaminant;out;out;out;
Lyonothamnus floribundus;contaminant;out;out;out;
Magnolia;contaminant;out;out;out;
Magnolia biondii;contaminant;out;out;out;
Magnolia sinica;contaminant;out;out;out;
Malania;contaminant;out;out;out;
Malania oleifera;contaminant;out;out;out;
Malus;contaminant;out;out;out;
Malus domestica;contaminant;out;out;out;
Mangifera;contaminant;out;out;out;
Mangifera indica;contaminant;out;out;out;
Manihot;contaminant;out;out;out;
Manihot esculenta;contaminant;out;out;out;
Marchantia;moss;slightly acidic;https://www.fs.fed.us/database/feis/plants/bryophyte/marpol/all.html;2;
Marchantia polymorpha;moss;slightly acidic;https://www.fs.fed.us/database/feis/plants/bryophyte/marpol/all.html;2;
Mastixia;contaminant;out;out;out;
Mastixia pentandra;contaminant;out;out;out;
Matteuccia;contaminant;out;out;out;
Matteuccia struthiopteris;contaminant;out;out;out;
Maundia;contaminant;out;out;out;
Maundia triglochinoides;contaminant;out;out;out;
Meconopsis;contaminant;out;out;out;
Medicago;herbaceous;neutral;https://www.sciencedirect.com/topics/agricultural-and-biological-sciences/medicago-sativa;3;
Medicago falcata;herbaceous;neutral;https://www.sciencedirect.com/topics/agricultural-and-biological-sciences/medicago-sativa;3;
Medicago sativa;contaminant;out;out;out;
Medicago truncatula;contaminant;out;out;out;
Medinilla;contaminant;out;out;out;
Medinilla magnifica;contaminant;out;out;out;
Meesia;moss;unknown;out;out;
Melampyrum;herbaceous;acidic;https://www.sciencedirect.com/topics/agricultural-and-biological-sciences/melampyrum;1;
Melilotus;herbaceous;neutral to slightly alkaline;http://extension.msstate.edu/content/yellow-sweetclover-melilotus-officinalis;4;
Melilotus albus;herbaceous;neutral to slightly alkaline;http://extension.msstate.edu/content/yellow-sweetclover-melilotus-officinalis;4;
Mentha;herbaceous;slightly acidic;https://www.dpi.nsw.gov.au/agriculture/horticulture/vegetables/commodity-growing-guides/mint-growing;2;
Mentha canadensis;herbaceous;slightly acidic;https://www.dpi.nsw.gov.au/agriculture/horticulture/vegetables/commodity-growing-guides/mint-growing;2;
Mesua;contaminant;out;out;out;
Mesua ferrea;contaminant;out;out;out;
Micranthes;herbaceous;slightly acidic to slightly alkaline;https://pfaf.org/user/Plant.aspx?LatinName=Micranthes+pensylvanica;3;
Micranthes integrifolia;herbaceous;slightly acidic to slightly alkaline;https://pfaf.org/user/Plant.aspx?LatinName=Micranthes+pensylvanica;3;
Micranthes melanocentra;contaminant;out;out;out;
Micranthes nivalis;herbaceous;slightly acidic to slightly alkaline;https://pfaf.org/user/Plant.aspx?LatinName=Micranthes+pensylvanica;3;
Micranthes punctata;herbaceous;slightly acidic to slightly alkaline;https://pfaf.org/user/Plant.aspx?LatinName=Micranthes+pensylvanica;3;
Microcachrys;contaminant;out;out;out;
Microcachrys tetragona;contaminant;out;out;out;
Mirabilis;contaminant;out;out;out;
Mirabilis himalaica;contaminant;out;out;out;
Mitrasacme;contaminant;out;out;out;
Mitrasacme pygmaea;contaminant;out;out;out;
Mnium;moss;unknown;out;out;
Mnium marginatum;contaminant;out;out;out;
Momordica;contaminant;out;out;out;
Momordica charantia;contaminant;out;out;out;
Monotropa;contaminant;out;out;out;
Monotropa hypopitys;contaminant;out;out;out;
Moringa;contaminant;out;out;out;
Moringa oleifera;contaminant;out;out;out;
Morus;contaminant;out;out;out;
Morus notabilis;contaminant;out;out;out;
Musa;contaminant;out;out;out;
Musa acuminata;contaminant;out;out;out;
Musa schizocarpa;contaminant;out;out;out;
Mussaenda;contaminant;out;out;out;
Mussaenda densiflora;contaminant;out;out;out;
Myosotis;herbaceous;slightly acidic to slightly alkaline;https://gardenerspath.com/plants/flowers/grow-forget-me-not/;3;
Myosotis alpestris;herbaceous;slightly acidic to slightly alkaline;https://gardenerspath.com/plants/flowers/grow-forget-me-not/;3;
Myosotis laxa;herbaceous;slightly acidic to slightly alkaline;https://gardenerspath.com/plants/flowers/grow-forget-me-not/;3;
Myosotis pulvinaris;contaminant;out;out;out;
Myriophyllum;aquatic;out;out;out;
Myriophyllum spicatum;aquatic;out;out;out;
Myurella;moss;unknown;out;out;
Myurella julacea;moss;unknown;out;out;
Natsiatum;contaminant;out;out;out;
Natsiatum herpeticum;contaminant;out;out;out;
Neillia;contaminant;out;out;out;
Nelumbo;contaminant;out;out;out;
Nelumbo nucifera;contaminant;out;out;out;
Neobartsia;contaminant;out;out;out;
Neobartsia pedicularoides;contaminant;out;out;out;
Neolamarckia;contaminant;out;out;out;
Neolamarckia cadamba;contaminant;out;out;out;
Neopringlea;contaminant;out;out;out;
Neopringlea integrifolia;contaminant;out;out;out;
Neoscortechinia;contaminant;out;out;out;
Neoscortechinia forbesii;contaminant;out;out;out;
Nepenthes;contaminant;out;out;out;
Nepenthes ventricosa x Nepenthes alata;contaminant;out;out;out;
Nicotiana;contaminant;out;out;out;
Nicotiana attenuata;contaminant;out;out;out;
Nicotiana sylvestris;contaminant;out;out;out;
Nicotiana tabacum;contaminant;out;out;out;
Nicotiana tomentosiformis;contaminant;out;out;out;
Nigella;contaminant;out;out;out;
Nigella damascena;contaminant;out;out;out;
Nitraria;contaminant;out;out;out;
Noccaea;herbaceous;unknown;out;out;
Nymphaea;aquatic;out;out;out;
Nymphaea colorata;aquatic;out;out;out;
Oberonioides;contaminant;out;out;out;
Oberonioides microtatantha;contaminant;out;out;out;
Oenothera;contaminant;out;out;out;
Olea;contaminant;out;out;out;
Olea europaea;contaminant;out;out;out;
Olimarabidopsis;contaminant;out;out;out;
Olimarabidopsis pumila;contaminant;out;out;out;
Ombrophytum;contaminant;out;out;out;
Ombrophytum subterraneum;contaminant;out;out;out;
Onobrychis;herbaceous;neutral to slightly alkaline;https://www.balkep.org/onobrychis-viciifolia.html;4;
Onobrychis viciifolia;contaminant;out;out;out;
Onoclea;contaminant;out;out;out;
Onoclea sensibilis;contaminant;out;out;out;
Opisthocentra;contaminant;out;out;out;
Opisthocentra clidemioides;contaminant;out;out;out;
Ormosia;contaminant;out;out;out;
Ormosia boluoensis;contaminant;out;out;out;
Orobanche;contaminant;out;out;out;
Orobanche austrohispanica;contaminant;out;out;out;
Orobanche crenata;contaminant;out;out;out;
Orobanche densiflora;contaminant;out;out;out;
Orobanche rapum-genistae;contaminant;out;out;out;
Oryza;contaminant;out;out;out;
Oryza brachyantha;contaminant;out;out;out;
Oryza coarctata;contaminant;out;out;out;
Oryza minuta;contaminant;out;out;out;
Oryza officinalis;contaminant;out;out;out;
Oryza sativa;contaminant;out;out;out;
Oxalis;herbaceous;slightly acidic;https://www.gardenershq.com/Oxalis-Shamrock-Sorrel.php;2;
Oxalis dillenii;contaminant;out;out;out;
Oxygraphis;herbaceous;acidic;https://worldspecies.org/ntaxa/836722;1;
Oxygraphis glacialis;herbaceous;acidic;https://worldspecies.org/ntaxa/836723;1;
Oxyria;herbaceous;slightly acidic to slightly alkaline;https://pfaf.org/user/Plant.aspx?LatinName=Oxyria+digyna;3;
Oxyria digyna;herbaceous;slightly acidic to slightly alkaline;https://pfaf.org/user/Plant.aspx?LatinName=Oxyria+digyna;3;
Oxytropis;contaminant;out;out;out;
Oxytropis aucherii;contaminant;out;out;out;
Oxytropis diversifolia;contaminant;out;out;out;
Oxytropis ochrocephala;contaminant;out;out;out;
Oxytropis sericea;contaminant;out;out;out;
Pachypleurum;herbaceous;unknown;out;out;
Packera;herbaceous;acidic to neutral;https://www.gardenia.net/plant/packera-aurea;2;
Packera eurycephala;contaminant;out;out;out;
Paeonia;herbaceous;neutral;https://hgic.clemson.edu/factsheet/peonies/;3;
Paeonia brownii;contaminant;out;out;out;
Paeonia suffruticosa;contaminant;out;out;out;
Panax;contaminant;out;out;out;
Panax ginseng;contaminant;out;out;out;
Panicum;contaminant;out;out;out;
Panicum hallii;contaminant;out;out;out;
Panicum virgatum;contaminant;out;out;out;
Papaver;herbaceous;neutral;https://www.whiteflowerfarm.com/how-to-grow-oriental-poppies;3;
Papaver alpinum;contaminant;out;out;out;
Papaver nudicaule;herbaceous;neutral;https://www.thespruce.com/how-to-grow-and-care-for-iceland-poppies-5075743;3;
Papaver somniferum;contaminant;out;out;out;
Parastemon;contaminant;out;out;out;
Parastemon urophyllus;contaminant;out;out;out;
Parnassia;herbaceous;slightly acidic;https://carnivorousplantnursery.com/products/grass-of-parnassus;2;
Parrya;contaminant;out;out;out;
Parrya pinnatifida;contaminant;out;out;out;
Passiflora;contaminant;out;out;out;
Passiflora affinis;contaminant;out;out;out;
Passiflora edulis;contaminant;out;out;out;
Passiflora tetrandra;contaminant;out;out;out;
Pausandra;contaminant;out;out;out;
Pausandra martinii;contaminant;out;out;out;
Pectocarya;contaminant;out;out;out;
Pectocarya penicillata;contaminant;out;out;out;
Pedicularis;herbaceous;slightly acidic to slightly alkaline;https://pfaf.org/user/Plant.aspx?LatinName=Pedicularis+oliveriana;3;
Pedicularis attollens;contaminant;out;out;out;
Pedicularis dasystachys;contaminant;out;out;out;
Pedicularis dissecta;contaminant;out;out;out;
Pedicularis longiflora;contaminant;out;out;out;
Pedicularis muscicola;contaminant;out;out;out;
Pedicularis oederi;herbaceous;slightly acidic to slightly alkaline;https://pfaf.org/user/Plant.aspx?LatinName=Pedicularis+oliveriana;3;
Pedicularis resupinata;herbaceous;slightly acidic to slightly alkaline;https://pfaf.org/user/Plant.aspx?LatinName=Pedicularis+oliveriana;3;
Pedicularis tristis;herbaceous;slightly acidic to slightly alkaline;https://pfaf.org/user/Plant.aspx?LatinName=Pedicularis+oliveriana;3;
Pedicularis verticillata;herbaceous;slightly acidic to slightly alkaline;https://pfaf.org/user/Plant.aspx?LatinName=Pedicularis+oliveriana;3;
Pedicularis yezoensis;contaminant;out;out;out;
Pelargonium;contaminant;out;out;out;
Pelargonium x hortorum;contaminant;out;out;out;
Peperomia;contaminant;out;out;out;
Persicaria;contaminant;out;out;out;
Persicaria virginiana;contaminant;out;out;out;
Persoonia;contaminant;out;out;out;
Persoonia katerae;contaminant;out;out;out;
Petasites;contaminant;out;out;out;
Petasites japonicus;contaminant;out;out;out;
Petrophytum;contaminant;out;out;out;
Petrophytum caespitosum;contaminant;out;out;out;
Petunia;contaminant;out;out;out;
Petunia x hybrida;contaminant;out;out;out;
Peucedanum;herbaceous;slightly acidic to slightly alkaline;https://pfaf.org/user/Plant.aspx?LatinName=Peucedanum+officinale;3;
Peucedanum falcaria;contaminant;out;out;out;
Phalaenopsis;contaminant;out;out;out;
Phalaenopsis equestris;contaminant;out;out;out;
Phaseolus;contaminant;out;out;out;
Phaseolus vulgaris;contaminant;out;out;out;
Philonotis;moss;unknown;out;out;
Philonotis fontana;moss;unknown;out;out;
Phippsiomeles;contaminant;out;out;out;
Phlegmariurus;contaminant;out;out;out;
Phlegmariurus squarrosus;contaminant;out;out;out;
Phleum;grass;neutral;https://www.fao.org/3/y5576e/y5576e0m.htm;3;
Phleum pratense;grass;neutral;https://www.fao.org/3/y5576e/y5576e0m.htm;3;
Phoenix;contaminant;out;out;out;
Phoenix dactylifera;contaminant;out;out;out;
Phylica;contaminant;out;out;out;
Phylica lasiocarpa;contaminant;out;out;out;
Phyllostachys;contaminant;out;out;out;
Phyllostachys edulis;contaminant;out;out;out;
Physaria;herbaceous;unknown;out;out;
Physaria fendleri;contaminant;out;out;out;
Physcomitrium;contaminant;out;out;out;
Physcomitrium patens;contaminant;out;out;out;
Physochlaina;contaminant;out;out;out;
Physochlaina orientalis;contaminant;out;out;out;
Picea;tree;acidic;https://farmhomestead.com/soil-ph-preferences-trees/;1;
Picea abies;tree;acidic;https://farmhomestead.com/soil-ph-preferences-trees/;1;
Picea breweriana;contaminant;out;out;out;
Picea glauca;contaminant;out;out;out;
Picea glehnii;contaminant;out;out;out;
Picea koraiensis;contaminant;out;out;out;
Picea pungens;contaminant;out;out;out;
Picea sitchensis;contaminant;out;out;out;
Pilea;contaminant;out;out;out;
Pilea pumila;contaminant;out;out;out;
Pinguicula;herbaceous;neutral to alkaline;;4;
Pinus;tree;acidic;https://farmhomestead.com/soil-ph-preferences-trees/;1;
Pinus densiflora;contaminant;out;out;out;
Pinus kesiya;contaminant;out;out;out;
Pinus massoniana;contaminant;out;out;out;
Pinus pinaster;contaminant;out;out;out;
Pinus strobus;contaminant;out;out;out;
Pinus taeda;contaminant;out;out;out;
Pinus yunnanensis;contaminant;out;out;out;
Pistacia;contaminant;out;out;out;
Pistacia vera;contaminant;out;out;out;
Pisum;contaminant;out;out;out;
Pisum sativum;contaminant;out;out;out;
Plagiochila;contaminant;out;out;out;
Plagiochila chinensis;contaminant;out;out;out;
Plantago;herbaceous;slightly acidic;https://link.springer.com/article/10.1007/s11356-019-05535-x;2;
Platycarya;contaminant;out;out;out;
Platycodon;contaminant;out;out;out;
Platycodon grandiflorus;contaminant;out;out;out;
Pleuropogon;grass;unknown;out;out;
Pleuropogon sabinei;grass;unknown;out;out;
Poa;grass;slightly acidic to neutral;https://www.thegma.org.uk/learning/resources/turf-grasses-annual-meadow-grass-poa-annua?dt=2019-05-02&sig=wxf3hiQ2qkPhBWa1o4boUHbHvbTDaGxQcxAcegzXMfU%3D;2;
Poa palustris;grass;slightly acidic to neutral;https://www.thegma.org.uk/learning/resources/turf-grasses-annual-meadow-grass-poa-annua?dt=2019-05-02&sig=wxf3hiQ2qkPhBWa1o4boUHbHvbTDaGxQcxAcegzXMfU%3D;2;
Poa pratensis;grass;slightly acidic to neutral;https://www.thegma.org.uk/learning/resources/turf-grasses-annual-meadow-grass-poa-annua?dt=2019-05-02&sig=wxf3hiQ2qkPhBWa1o4boUHbHvbTDaGxQcxAcegzXMfU%3D;2;
Poa secunda;contaminant;out;out;out;
Podocarpus;contaminant;out;out;out;
Podocarpus macrophyllus;contaminant;out;out;out;
Pogonatum;moss;slightly acidic;https://www.researchgate.net/publication/47367443_Development_of_the_moss_Pogonatum_urnigerum_Hedw_P_Beauv_under_in_vitro_culture_conditions/fulltext/0f3174833829de22160eda5b/Development-of-the-moss-Pogonatum-urnigerum-Hedw-P-Beauv-under-in-vitro-culture-conditions.pdf;2;
Pogonatum inflexum;contaminant;out;out;out;
Polemonium;contaminant;out;out;out;
Polemonium chinense;contaminant;out;out;out;
Poliothyrsis;contaminant;out;out;out;
Poliothyrsis sinensis;contaminant;out;out;out;
Polygala;herbaceous;slightly acidic;https://hayloft.co.uk/pdf/How%20to%20Grow%20Polygala%20Purple%20Passion.pdf;2;
Polypodium;fern;neutral;https://myplantin.com/plant/1295;3;1 occurrence
Polypodium appalachianum;contaminant;out;out;out;
Polytrichastrum;moss;unknown;out;unknown;
Polytrichastrum alpinum;moss;unknown;out;unknown;
Polytrichum;moss;neutral;https://www.rhs.org.uk/biodiversity/algae-liverworts-moss-on-borders-containers;3;
Polytrichum commune;moss;neutral;https://www.rhs.org.uk/biodiversity/algae-liverworts-moss-on-borders-containers;3;
Polytrichum juniperinum;moss;neutral;https://www.rhs.org.uk/biodiversity/algae-liverworts-moss-on-borders-containers;3;
Pongamia;contaminant;out;out;out;
Pongamia pinnata;contaminant;out;out;out;
Populus;shrub;slightly acidic to slightly alkaline;https://www.gardenguides.com/101842-types-soil-grow-poplar-tree.html;3;1 occurrence
Populus alba;shrub;slightly acidic to slightly alkaline;https://www.gardenguides.com/101842-types-soil-grow-poplar-tree.html;3;
Populus angustifolia;contaminant;out;out;out;
Populus balsamifera;contaminant;out;out;out;
Populus davidiana;contaminant;out;out;out;
Populus davidiana x Populus alba var. pyramidalis;contaminant;out;out;out;
Populus deltoides;contaminant;out;out;out;
Populus euphratica;contaminant;out;out;out;
Populus fremontii x Populus angustifolia;contaminant;out;out;out;
Populus grandidentata;contaminant;out;out;out;
Populus heterophylla;contaminant;out;out;out;
Populus ilicifolia;contaminant;out;out;out;
Populus mexicana;contaminant;out;out;out;
Populus nigra;shrub;slightly acidic to slightly alkaline;https://www.gardenguides.com/101842-types-soil-grow-poplar-tree.html;3;3 occurrences
Populus pruinosa;contaminant;out;out;out;
Populus sieboldii x Populus grandidentata;contaminant;out;out;out;
Populus simonii;contaminant;out;out;out;
Populus suaveolens;contaminant;out;out;out;
Populus tomentosa;contaminant;out;out;out;
Populus tremula;shrub;slightly acidic to slightly alkaline;https://www.gardenguides.com/101842-types-soil-grow-poplar-tree.html;3;
Populus tremula x Populus alba;contaminant;out;out;out;
Populus tremula x Populus tremuloides;contaminant;out;out;out;
Populus tremuloides;contaminant;out;out;out;
Populus trichocarpa;contaminant;out;out;out;
Populus trichocarpa x Populus deltoides;contaminant;out;out;out;
Populus ussuriensis;contaminant;out;out;out;
Potamogeton;aquatic;out;out;out;
Potamogeton berchtoldii;aquatic;out;out;out;
Potamogeton gramineus;aquatic;out;out;out;
Potamogeton natans;aquatic;out;out;out;
Potamogeton perfoliatus;aquatic;out;out;out;
Potamogeton praelongus;aquatic;out;out;out;
Potamogeton pusillus;aquatic;out;out;out;
Potentilla;herbaceous;slightly acidic to neutral;https://gardenbeast.com/potentilla-guide/;2;
Potentilla ancistrifolia;contaminant;out;out;out;
Potentilla astragalifolia;contaminant;out;out;out;
Potentilla crantzii;herbaceous;slightly acidic to neutral;https://gardenbeast.com/potentilla-guide/;2;
Potentilla griffithii;contaminant;out;out;out;
Potentilla hyparctica;herbaceous;slightly acidic to neutral;https://gardenbeast.com/potentilla-guide/;2;
Potentilla indica;contaminant;out;out;out;
Potentilla lancinata;contaminant;out;out;out;
Potentilla micrantha;contaminant;out;out;out;
Potentilla micropetala;contaminant;out;out;out;
Potentilla nivea;herbaceous;slightly acidic to neutral;https://gardenbeast.com/potentilla-guide/;2;
Potentilla puberula;contaminant;slightly acidic to neutral;https://gardenbeast.com/potentilla-guide/;2;
Potentilla purpurascens;contaminant;slightly acidic to neutral;https://gardenbeast.com/potentilla-guide/;2;
Primula;herbaceous;slightly acidic;https://www.missouribotanicalgarden.org/PlantFinder/PlantFinderDetails.aspx?kempercode=b564;2;
Primula matthioli;herbaceous;slightly acidic;https://www.missouribotanicalgarden.org/PlantFinder/PlantFinderDetails.aspx?kempercode=b564;2;
Primula sinensis;contaminant;out;out;out;
Prosopis;contaminant;out;out;out;
Prosopis alba;contaminant;out;out;out;
Prunus;contaminant;out;out;out;
Prunus armeniaca;contaminant;out;out;out;
Prunus avium;contaminant;out;out;out;
Prunus dulcis;contaminant;out;out;out;
Prunus mume;contaminant;out;out;out;
Prunus persica;contaminant;out;out;out;
Prunus virginiana;contaminant;out;out;out;
Prunus zippeliana;contaminant;out;out;out;
Pseudocherleria;herbaceous;unknown;out;out;
Pseudocrossidium;contaminant;out;out;out;
Pseudocrossidium replicatum;contaminant;out;out;out;
Pseudotsuga;contaminant;out;out;out;
Pseudotsuga menziesii;contaminant;out;out;out;
Psilotum;contaminant;out;out;out;
Psilotum nudum;contaminant;out;out;out;
Pteridium;fern;slightly acidic;https://pfaf.org/user/Plant.aspx?LatinName=Pteridium+aquilinum+esculentum;2;
Pteridium aquilinum;fern;slightly acidic;https://pfaf.org/user/Plant.aspx?LatinName=Pteridium+aquilinum+esculentum;2;
Pteridrys;contaminant;out;out;out;
Pterocarya;contaminant;out;out;out;
Pterocarya stenoptera;contaminant;out;out;out;
Pteroceltis;contaminant;out;out;out;
Pteroceltis tatarinowii;contaminant;out;out;out;
Ptilidium;moss;unknown;out;out;
Punica;contaminant;out;out;out;
Punica granatum;contaminant;out;out;out;
Purshia;contaminant;out;out;out;
Purshia tridentata;contaminant;out;out;out;
Pylaisia;moss;unknown;out;unknown;
Pylaisia polyantha;moss;unknown;out;unknown;
Pyrola;herbaceous;slightly acidic to slightly alkaline;https://pfaf.org/user/Plant.aspx?LatinName=Pyrola+rotundifolia;3;
Pyrola rotundifolia;herbaceous;slightly acidic to slightly alkaline;https://pfaf.org/user/Plant.aspx?LatinName=Pyrola+rotundifolia;3;
Pyrularia;contaminant;out;out;out;
Pyrularia pubera;contaminant;out;out;out;
Pyrus;contaminant;out;out;out;
Pyrus betulifolia;contaminant;out;out;out;
Pyrus pyrifolia;contaminant;out;out;out;
Pyrus spinosa;contaminant;out;out;out;
Pyrus x bretschneideri;contaminant;out;out;out;
Quercus;contaminant;out;out;out;
Quercus lobata;contaminant;out;out;out;
Quercus robur;contaminant;out;out;out;
Quercus suber;contaminant;out;out;out;
Radula;moss;unknown;out;out;2 occurrences
Radula complanata;moss;unknown;out;out;1 occurrence
Ranunculus;contaminant;out;out;out;
Ranunculus carpaticola;contaminant;out;out;out;
Ranunculus repens;contaminant;out;out;out;
Ranunculus sp. Qiu 95024;contaminant;out;out;out;
Raphanus;contaminant;out;out;out;
Raphanus sativus;contaminant;out;out;out;
Rhazya;contaminant;out;out;out;
Rhazya stricta;contaminant;out;out;out;
Rheum;herbaceous;slightly acidic to slightly alkaline;https://pfaf.org/user/Plant.aspx?LatinName=Rheum+%C3%97+hybridum;3;
Rhipsalis;contaminant;out;out;out;
Rhipsalis baccifera;contaminant;out;out;out;
Rhodamnia;contaminant;out;out;out;
Rhodamnia argentea;contaminant;out;out;out;
Rhodiola;herbaceous;slightly acidic to neutral;https://www1.agric.gov.ab.ca/$department/deptdocs.nsf/all/agdex13054/$file/188_20-2.pdf?OpenElement;2;
Rhodiola fastigiata;contaminant;out;out;out;
Rhodiola macrocarpa;contaminant;out;out;out;
Rhodiola sachalinensis;contaminant;out;out;out;
Rhodobryum;contaminant;out;out;out;
Rhodobryum laxelimbatum;contaminant;out;out;out;
Rhododendron;contaminant;out;out;out;
Rhododendron luraluense;contaminant;out;out;out;
Rhododendron simsii;contaminant;out;out;out;
Rhodotypos;contaminant;out;out;out;
Rhodotypos scandens;contaminant;out;out;out;
Ribes;shrub;slightly acidic to slightly alkaline;https://pfaf.org/user/Plant.aspx?LatinName=ribes;3;
Ribes uva-crispa;contaminant;out;out;out;
Ricinus;contaminant;out;out;out;
Ricinus communis;contaminant;out;out;out;
Rosa;contaminant;out;out;out;
Rosa bracteata;contaminant;out;out;out;
Rosa canina;contaminant;out;out;out;
Rosa chinensis;contaminant;out;out;out;
Rosa hybrid cultivar;contaminant;out;out;out;
Rosa multiflora;contaminant;out;out;out;
Rosa rugosa;contaminant;out;out;out;
Rotheca;contaminant;out;out;out;
Rotheca serrata;contaminant;out;out;out;
Rubus;contaminant;out;out;out;
Rubus coreanus;contaminant;out;out;out;
Rubus longisepalus;contaminant;out;out;out;
Rubus occidentalis;contaminant;out;out;out;
Rubus sachalinensis;contaminant;out;out;out;
Rumex;herbaceous;unknown;out;unknown;
Rumex acetosa;herbaceous;acidic;https://www.researchgate.net/publication/226706349_Correspondences_between_plants_and_soilenvironmental_factors_in_beech_forests_of_Central_Apennines_From_homogeneity_to_complexity;1;
Rumex dentatus;contaminant;out;out;out;
Rumex hypogaeus;contaminant;out;out;out;
Rumex obtusifolius;contaminant;out;out;out;
Rumex papillaris;contaminant;out;out;out;
Rumex sanguineus;contaminant;out;out;out;
Ruptiliocarpon;contaminant;out;out;out;
Ruptiliocarpon caracolito;contaminant;out;out;out;
Saccharum;contaminant;out;out;out;
Saccharum hybrid cultivar;contaminant;out;out;out;
Saccharum spontaneum;contaminant;out;out;out;
Sagittaria;aquatic;out;out;out;
Salacia;contaminant;out;out;out;
Salix;shrub;acidic to slightly alkaline;https://stormwater.pca.state.mn.us/index.php/Tree_species_list_-_pH_and_moisture_ranges;2;
Salix alaxensis;shrub;acidic to slightly alkaline;https://stormwater.pca.state.mn.us/index.php/Tree_species_list_-_pH_and_moisture_ranges;2;
Salix alba;contaminant;out;out;out;
Salix arbutifolia;contaminant;out;out;out;
Salix babylonica;contaminant;out;out;out;
Salix bakko;contaminant;out;out;out;
Salix bangongensis;contaminant;out;out;out;
Salix brachypoda;contaminant;out;out;out;
Salix burjatica;contaminant;out;out;out;
Salix caprea;shrub;acidic to slightly alkaline;https://stormwater.pca.state.mn.us/index.php/Tree_species_list_-_pH_and_moisture_ranges;2;
Salix cardiophylla;contaminant;out;out;out;
Salix cavaleriei;contaminant;out;out;out;
Salix dasyclados;shrub;acidic to slightly alkaline;https://stormwater.pca.state.mn.us/index.php/Tree_species_list_-_pH_and_moisture_ranges;2;
Salix discolor;contaminant;out;out;out;
Salix eriocephala;contaminant;out;out;out;
Salix fargesii;contaminant;out;out;out;
Salix fragilis;contaminant;out;out;out;
Salix gilgiana;contaminant;out;out;out;
Salix gordejevii;contaminant;out;out;out;
Salix helvetica;contaminant;out;out;out;
Salix hukaoana;contaminant;out;out;out;
Salix humboldtiana;contaminant;out;out;out;
Salix interior;contaminant;out;out;out;
Salix japonica;contaminant;out;out;out;
Salix lasiandra;contaminant;out;out;out;
Salix linearistipularis;contaminant;out;out;out;
Salix magnifica;contaminant;out;out;out;
Salix matsudana;contaminant;out;out;out;
Salix melanopsis;contaminant;out;out;out;
Salix miyabeana;contaminant;out;out;out;
Salix myrsinifolia;shrub;acidic to slightly alkaline;https://stormwater.pca.state.mn.us/index.php/Tree_species_list_-_pH_and_moisture_ranges;2;4 occurrences
Salix oreinoma;contaminant;out;out;out;
Salix oritrepha;contaminant;out;out;out;
Salix paraflabellaris;contaminant;out;out;out;
Salix pentandra;shrub;acidic to slightly alkaline;https://stormwater.pca.state.mn.us/index.php/Tree_species_list_-_pH_and_moisture_ranges;2;
Salix polaris;shrub;acidic to slightly alkaline;https://stormwater.pca.state.mn.us/index.php/Tree_species_list_-_pH_and_moisture_ranges;2;
Salix przewalskii;contaminant;out;out;out;
Salix pulchra;shrub;acidic to slightly alkaline;https://stormwater.pca.state.mn.us/index.php/Tree_species_list_-_pH_and_moisture_ranges;2;
Salix purpurea;contaminant;out;out;out;
Salix raddeana;contaminant;out;out;out;
Salix reinii;contaminant;out;out;out;
Salix riskindii;contaminant;out;out;out;
Salix rorida;shrub;acidic to slightly alkaline;https://stormwater.pca.state.mn.us/index.php/Tree_species_list_-_pH_and_moisture_ranges;2;2 occurrences
Salix rotundifolia x Salix phlebophylla;shrub;acidic to slightly alkaline;https://stormwater.pca.state.mn.us/index.php/Tree_species_list_-_pH_and_moisture_ranges;2;
Salix sachalinensis;contaminant;out;out;out;
Salix salviifolia;contaminant;out;out;out;
Salix schwerinii;contaminant;out;out;out;
Salix schwerinii x Salix viminalis;contaminant;out;out;out;
Salix setchelliana;contaminant;out;out;out;
Salix sp.;shrub;acidic to slightly alkaline;https://stormwater.pca.state.mn.us/index.php/Tree_species_list_-_pH_and_moisture_ranges;2;
Salix suchowensis;contaminant;out;out;out;
Salix tetrasperma;contaminant;out;out;out;
Salix triandra;shrub;acidic to slightly alkaline;https://stormwater.pca.state.mn.us/index.php/Tree_species_list_-_pH_and_moisture_ranges;2;
Salix variegata;contaminant;out;out;out;
Salix vestita;contaminant;out;out;out;
Salix viminalis;shrub;acidic to slightly alkaline;https://stormwater.pca.state.mn.us/index.php/Tree_species_list_-_pH_and_moisture_ranges;2;
Salix viminalis x Salix schwerinii;shrub;acidic to slightly alkaline;https://stormwater.pca.state.mn.us/index.php/Tree_species_list_-_pH_and_moisture_ranges;2;
Salix warburgii;contaminant;out;out;out;
Salix wilsonii;contaminant;out;out;out;
Salix x rubra;contaminant;out;out;out;
Salpinga;contaminant;out;out;out;
Salpinga maranonensis;contaminant;out;out;out;
Salvia;contaminant;out;out;out;
Salvia miltiorrhiza;contaminant;out;out;out;
Salvia yangii;contaminant;out;out;out;
Sanguisorba;herbaceous;neutral;https://www.gardenershq.com/Sanguisorba-Burnet.php;3;
Sanguisorba filiformis;contaminant;out;out;out;
Sanguisorba officinalis;herbaceous;neutral;https://www.gardenershq.com/Sanguisorba-Burnet.php;3;
Sanionia;moss;unknown;out;out;
Sanionia uncinata;moss;unknown;out;out;
Sapindus;contaminant;out;out;out;
Sapindus mukorossi;contaminant;out;out;out;
Saussurea;herbaceous;slightly acidic to slightly alkaline;https://pfaf.org/user/Plant.aspx?LatinName=Saussurea;3;
Saussurea costus;contaminant;out;out;out;
Saussurea involucrata;herbaceous;slightly acidic to slightly alkaline;https://pfaf.org/user/Plant.aspx?LatinName=Saussurea;3;1 occurrence
Saxifraga;herbaceous;neutral to slightly alkaline;https://www.seasonalgardening.co.uk/alpines/saxifraga.asp;4;
Saxifraga acerifolia;contaminant;out;out;out;
Saxifraga cernua;herbaceous;neutral to slightly alkaline;https://www.seasonalgardening.co.uk/alpines/saxifraga.asp;4;
Saxifraga egregia;contaminant;out;out;out;
Saxifraga eschscholtzii;contaminant;out;out;out;
Saxifraga hirculus;herbaceous;neutral to slightly alkaline;https://www.seasonalgardening.co.uk/alpines/saxifraga.asp;4;
Saxifraga oppositifolia;herbaceous;neutral to slightly alkaline;https://www.seasonalgardening.co.uk/alpines/saxifraga.asp;4;
Saxifraga rotundifolia;contaminant;out;out;out;
Saxifraga serpyllifolia;herbaceous;neutral to slightly alkaline;https://www.seasonalgardening.co.uk/alpines/saxifraga.asp;4;
Saxifraga sinomontana;herbaceous;neutral to slightly alkaline;https://www.seasonalgardening.co.uk/alpines/saxifraga.asp;4;
Saxifraga substrigosa;contaminant;out;out;out;
Saxifraga tricuspidata;contaminant;out;out;out;
Scapania;contaminant;out;out;out;
Scapania ampliata;contaminant;out;out;out;
Scapania simmonsii;contaminant;out;out;out;
Schefflera;contaminant;out;out;out;
Schiffneria;contaminant;out;out;out;
Schiffneria hyalina;contaminant;out;out;out;
Schisandra;contaminant;out;out;out;
Schisandra chinensis;contaminant;out;out;out;
Schisandra sphenanthera;contaminant;out;out;out;
Schistidium;moss;unknown;out;out;
Schrenkiella;contaminant;out;out;out;
Schrenkiella parvula;contaminant;out;out;out;
Scirpus;contaminant;out;out;out;
Scirpus sylvaticus;contaminant;out;out;out;
Scolopia;contaminant;out;out;out;
Scutellaria;contaminant;out;out;out;
Scutellaria kingiana;contaminant;out;out;out;
Scyphiphora;contaminant;out;out;out;
Scyphiphora hydrophyllacea;contaminant;out;out;out;
Secale;contaminant;out;out;out;
Secale cereale;contaminant;out;out;out;
Secale cereale x Triticum turgidum subsp. durum;contaminant;out;out;out;
Sedum;contaminant;out;out;out;
Selaginella;contaminant;out;out;out;
Selaginella moellendorffii;contaminant;out;out;out;
Sesamum;contaminant;out;out;out;
Sesamum indicum;contaminant;out;out;out;
Sesbania;contaminant;out;out;out;
Seseli;herbaceous;slightly acidic to slightly alkaline;https://pfaf.org/user/Plant.aspx?LatinName=Seseli;3;
Seseli marashicum;contaminant;out;out;out;
Sesuvium;contaminant;out;out;out;
Sesuvium portulacastrum;contaminant;out;out;out;
Setaria;contaminant;out;out;out;
Setaria viridis;contaminant;out;out;out;
Sibbaldia;herbaceous;unknown;out;out;
Sibbaldia retusa;contaminant;out;out;out;
Silene;herbaceous;acidic;https://www.thespruce.com/silene-plant-profile-5070414;1;
Silene conica;contaminant;out;out;out;
Silene latifolia;herbaceous;acidic;https://www.thespruce.com/silene-plant-profile-5070414;1;
Silene littorea;contaminant;out;out;out;
Silene noctiflora;contaminant;out;out;out;
Silene nutans;herbaceous;acidic;https://www.thespruce.com/silene-plant-profile-5070414;1;
Silene tatarica;contaminant;out;out;out;
Silene vulgaris;herbaceous;acidic;https://www.thespruce.com/silene-plant-profile-5070414;1;
Simmondsia;contaminant;out;out;out;
Simmondsia chinensis;contaminant;out;out;out;
Sinowilsonia;contaminant;out;out;out;
Sinowilsonia henryi;contaminant;out;out;out;
Smelowskia;herbaceous;unknown;out;out;
Solanum;contaminant;out;out;out;
Solanum lycopersicum;contaminant;out;out;out;
Solanum pennellii;contaminant;out;out;out;
Solanum pinnatisectum;contaminant;out;out;out;
Solanum tuberosum;contaminant;out;out;out;
Sophora;contaminant;out;out;out;
Sophora flavescens;contaminant;out;out;out;
Sorbus;contaminant;out;out;out;
Sorbus aucuparia;contaminant;out;out;out;
Sorghum;contaminant;out;out;out;
Sorghum bicolor;contaminant;out;out;out;
Sphagnum;contaminant;out;out;out;
Sphagnum palustre;contaminant;out;out;out;
Spinacia;contaminant;out;out;out;
Spinacia oleracea;contaminant;out;out;out;
Spiraea;shrub;slightly acidic to neutral;https://www.wilsonbrosgardens.com/planting-and-caring-for-japanese-spirea.html;2;
Spiraea betulifolia;contaminant;out;out;out;
Spiraea insularis;contaminant;out;out;out;
Spirodela;contaminant;out;out;out;
Spirodela intermedia;contaminant;out;out;out;
Spirodela polyrhiza;contaminant;out;out;out;
Spondias;contaminant;out;out;out;
Spondias mombin;contaminant;out;out;out;
Spondias tuberosa;contaminant;out;out;out;
Sporobolus;contaminant;out;out;out;
Sporobolus alterniflorus;contaminant;out;out;out;
Stangeria;contaminant;out;out;out;
Stangeria eriopus;contaminant;out;out;out;
Stellaria;herbaceous;unknown;out;out;
Stellaria media;herbaceous;unknown;out;out;
Stichoneuron;contaminant;out;out;out;
Stichoneuron caudatum;contaminant;out;out;out;
Stilpnolepis intricata;contaminant;out;out;out;
Stratiotes;aquatic;out;out;out;
Stratiotes aloides;aquatic;out;out;out;
Stuckenia;aquatic;out;out;out;
Stuckenia pectinata;aquatic;out;out;out;
Styphnolobium;contaminant;out;out;out;
Styphnolobium japonicum;contaminant;out;out;out;
Styrax;contaminant;out;out;out;
Styrax zhejiangensis;contaminant;out;out;out;
Syntrichia;contaminant;out;out;out;
Syntrichia caninervis;contaminant;out;out;out;
Syntrichia filaris;contaminant;out;out;out;
Syzygium;contaminant;out;out;out;
Syzygium oleosum;contaminant;out;out;out;
Tagetes;contaminant;out;out;out;
Tamarindus;contaminant;out;out;out;
Tamarindus indica;contaminant;out;out;out;
Taraxacum;herbaceous;acidic to slightly alkaline;https://link.springer.com/article/10.1007/s00128-018-2356-y;2;
Taraxacum officinale;herbaceous;acidic to slightly alkaline;https://link.springer.com/article/10.1007/s00128-018-2356-y;2;
Taraxacum sp. RHS-2016;contaminant;out;out;out;
Tarenaya;contaminant;out;out;out;
Tarenaya hassleriana;contaminant;out;out;out;
Taxus;contaminant;out;out;out;
Taxus cuspidata;contaminant;out;out;out;
Tetraplodon;moss;slightly acidic to neutral;https://www.researchgate.net/publication/272264365_Tetraplodon_angustatus_Bryopsida_Splachnaceae_in_the_Polish_Tatra_Mts;2;
Tetraplodon fuegianus;contaminant;out;out;out;
Thalictrum;contaminant;out;out;out;
Thalictrum dasycarpum;contaminant;out;out;out;
Thalictrum minus;contaminant;out;out;out;
Thalictrum simplex;contaminant;out;out;out;
Thamnochortus;contaminant;out;out;out;
Thamnochortus insignis;contaminant;out;out;out;
Thapsia;contaminant;out;out;out;
Thapsia garganica;contaminant;out;out;out;
Theobroma;contaminant;out;out;out;
Theobroma cacao;contaminant;out;out;out;
Thlaspi;herbaceous;unknown;out;out;2 occurrences
Thlaspi arcticum;contaminant;out;out;out;
Thuja;contaminant;out;out;out;
Thymus;herbaceous;acidic to slightly alkaline;https://www.researchgate.net/publication/291164918_An_overview_on_genus_Thymus/figures?lo=1&utm_source=google&utm_medium=organic;2;
Thymus sibthorpii;contaminant;out;out;out;
Tipularia;contaminant;out;out;out;
Tipularia szechuanica;contaminant;out;out;out;
Tiputinia;contaminant;out;out;out;
Tiputinia foetida;contaminant;out;out;out;
Tragopogon;herbaceous;slightly acidic;https://myplantin.com/plant/6886;2;
Tragopogon dubius;contaminant;out;out;out;
Triantha;contaminant;out;out;out;
Triantha glutinosa;contaminant;out;out;out;
Trifolium;contaminant;out;out;out;
Trifolium meduseum;contaminant;out;out;out;
Trifolium pratense;contaminant;out;out;out;
Trifolium repens;contaminant;out;out;out;
Trigastrotheca;contaminant;out;out;out;
Trigastrotheca stricta;contaminant;out;out;out;
Trigonotis;herbaceous;unknown;out;out;4 occurrences
Trigonotis peduncularis;herbaceous;unknown;out;out;4 occurrences
Triplostegia;contaminant;out;out;out;
Triplostegia glandulifera;contaminant;out;out;out;
Tripsacum;contaminant;out;out;out;
Tripsacum dactyloides;contaminant;out;out;out;
Tripterygium;contaminant;out;out;out;
Tripterygium wilfordii;contaminant;out;out;out;
Triticum;grass;slightly acidic to slightly alkaline?;;3;
Triticum aestivum;grass;slightly acidic to slightly alkaline?;https://pfaf.org/user/plant.aspx?LatinName=Triticum+aestivum;3;
Triticum aestivum/Thinopyrum intermedium alien addition line;contaminant;out;out;out;
Triticum dicoccoides;contaminant;out;out;out;
Triticum monococcum;contaminant;out;out;out;
Triticum turgidum;grass;slightly acidic to slightly alkaline;https://pfaf.org/User/Plant.aspx?LatinName=Triticum+turgidum+durum;3;
Triticum urartu;contaminant;out;out;out;
Turritis;herbaceous;slightly acidic to slightly alkaline;https://pfaf.org/user/Plant.aspx?LatinName=Turritis+glabra;3;
Turritis glabra;herbaceous;slightly acidic to slightly alkaline;https://pfaf.org/user/Plant.aspx?LatinName=Turritis+glabra;3;
Uncifera;contaminant;out;out;out;
Uncifera acuminata;contaminant;out;out;out;
Utricularia;aquatic;out;out;out;
Utricularia gibba;aquatic;out;out;out;
Utricularia reniformis;aquatic;out;out;out;
Vaccinium;herbaceous;acidic;https://etd.auburn.edu/handle/10415/5977;1;
Vaccinium corymbosum;contaminant;out;out;out;
Vaccinium dunalianum;contaminant;out;out;out;
Vaccinium japonicum;contaminant;out;out;out;
Vaccinium macrocarpon;contaminant;out;out;out;
Vaccinium uliginosum;herbaceous;acidic;https://etd.auburn.edu/handle/10415/5977;1;
Vaccinium vitis-idaea;herbaceous;acidic;https://etd.auburn.edu/handle/10415/5977;1;
Valantia;contaminant;out;out;out;
Valantia muralis;contaminant;out;out;out;
Valeriana;herbaceous;slightly acidic to neutral;https://www.gov.mb.ca/agriculture/crops/crop-management/valerian.html;2;
Valeriana flaccidissima;contaminant;out;out;out;
Valeriana jatamansi;contaminant;out;out;out;
Valeriana officinalis;herbaceous;slightly acidic to neutral;https://www.gov.mb.ca/agriculture/crops/crop-management/valerian.html;2;
Ventilago;contaminant;out;out;out;
Veratrum;herbaceous;slightly acidic to slightly alkaline;https://pfaf.org/user/Plant.aspx?LatinName=Veratrum+nigrum;3;
Veronica;herbaceous;neutral;https://www.thespruce.com/veronica-plant-profile-2132565;3;
Veronica chamaedrys;herbaceous;neutral;https://www.thespruce.com/veronica-plant-profile-2132565;3;2 occurrences
Veronica nakaiana;contaminant;out;out;out;
Veronicastrum;contaminant;out;out;out;
Vicia;contaminant;out;out;out;
Vicia faba;contaminant;out;out;out;
Vicia melanops;contaminant;out;out;out;
Vigna;contaminant;out;out;out;
Vigna angularis;contaminant;out;out;out;
Vigna radiata;contaminant;out;out;out;
Vigna unguiculata;contaminant;out;out;out;
Viola;herbaceous;slightly acidic;https://www.westcoastseeds.com/blogs/wcs-academy/grow-pansies-violas;2;
Viscum;contaminant;out;out;out;
Viscum album;contaminant;out;out;out;
Viscum liquidambaricola;contaminant;out;out;out;
Vitis;contaminant;out;out;out;
Vitis riparia;contaminant;out;out;out;
Vitis riparia x Vitis cinerea;contaminant;out;out;out;
Vitis vinifera;contaminant;out;out;out;
Wisteria;contaminant;out;out;out;
Woodsia;fern;neutral to alkaline;https://www.shootgardening.co.uk/plant/woodsia-obtusa;4;
Woodsia macrochlaena;contaminant;out;out;out;
Woodsia polystichoides;contaminant;out;out;out;
x Festulolium;contaminant;out;out;out;
x Triticosecale;contaminant;out;out;out;
Xanthoceras;contaminant;out;out;out;
Xanthoceras sorbifolium;contaminant;out;out;out;
Zea;contaminant;out;out;out;
Zea mays;contaminant;out;out;out;
Zingeria;contaminant;out;out;out;
Zingeria biebersteiniana;contaminant;out;out;out;
Ziziphus;contaminant;out;out;out;
Ziziphus attopensis;contaminant;out;out;out;
Ziziphus jujuba;contaminant;out;out;out;
